rank,tier,name,displayName,category,subTemplate,monthlyDL,cumulDL_6mo,DAU,banner_yen,interstitial_yen,rewarded_yen,total_monthly_yen,total_yearly_yen,description
1,"S","sudoku","数独","Games","puzzle",414,1863,186,2511,6696,3348,12555,150660,"9×9マスの数字パズル"
2,"S","solitaire","ソリティア","Games","puzzle",345,1553,155,2093,5580,2790,10463,125556,"トランプの一人遊びソリティア"
3,"A","kanji-quiz","漢字クイズ","Education","quiz",483,2174,174,1253,4009,2349,7611,91332,"読み書きの漢字力をテスト"
4,"A","driving-test-quiz","運転免許クイズ","Education","quiz",483,2174,174,1253,4009,2349,7611,91332,"運転免許学科試験の模擬問題"
5,"A","nonogram","お絵かきロジック","Games","puzzle",248,1116,112,1512,4032,2016,7560,90720,"数字のヒントから絵を完成させるパズル"
6,"A","number-puzzle-2048","2048パズル","Games","puzzle",248,1116,112,1512,4032,2016,7560,90720,"数字を合わせて2048を目指すパズル"
7,"A","reversi","リバーシ","Games","puzzle",248,1116,112,1512,4032,2016,7560,90720,"黒白のリバーシ（オセロ）ゲーム"
8,"A","minesweeper","マインスイーパー","Games","puzzle",248,1116,112,1512,4032,2016,7560,90720,"地雷を避けてマスを開けるゲーム"
9,"A","toeic-quiz","TOEIC対策クイズ","Education","quiz",386,1737,139,1001,3203,1876,6080,72960,"TOEIC頻出問題のミニテスト"
10,"A","todofuken-quiz","都道府県クイズ","Education","quiz",348,1566,125,900,2880,1688,5468,65616,"47都道府県の県庁所在地・特産品をクイズ"
11,"A","spi-quiz","SPI対策クイズ","Education","quiz",348,1566,125,900,2880,1688,5468,65616,"就職活動のSPIテスト対策"
12,"A","math-puzzle","数学パズル","Education","puzzle",161,725,73,986,2628,1314,4928,59136,"四則演算で答えを導く数学パズル"
13,"A","flag-quiz","国旗クイズ","Education","quiz",309,1391,111,799,2557,1498,4854,58248,"世界の国旗を当てるクイズ"
14,"A","english-vocab-quiz","英単語クイズ","Education","quiz",290,1305,104,749,2396,1404,4549,54588,"TOEIC/英検レベル別の英単語テスト"
15,"A","kanji-kentei-quiz","漢検対策クイズ","Education","quiz",290,1305,104,749,2396,1404,4549,54588,"漢字検定の級別対策問題"
16,"A","eiken-quiz","英検対策クイズ","Education","quiz",270,1215,97,698,2235,1309,4242,50904,"実用英語技能検定の対策問題"
17,"A","nandoku-kanji","難読漢字クイズ","Education","quiz",270,1215,97,698,2235,1309,4242,50904,"読めそうで読めない難読漢字クイズ"
18,"A","kakuro","カックロ","Games","puzzle",138,621,62,837,2232,1116,4185,50220,"足し算のクロスワードパズル"
19,"A","word-search","単語探し","Games","puzzle",138,621,62,837,2232,1116,4185,50220,"マス目から隠された単語を見つける"
20,"A","crossword-jp","クロスワード","Games","puzzle",138,621,62,837,2232,1116,4185,50220,"日本語のクロスワードパズル"
21,"A","slide-puzzle","スライドパズル","Games","puzzle",138,621,62,837,2232,1116,4185,50220,"タイルをスライドして正しい順番に並べる"
22,"A","logic-puzzle","ロジックパズル","Games","puzzle",138,621,62,837,2232,1116,4185,50220,"論理的思考で解くパズル問題"
23,"A","color-puzzle","カラーパズル","Games","puzzle",138,621,62,837,2232,1116,4185,50220,"同じ色をつなげて消すパズル"
24,"A","anagram","アナグラム","Games","puzzle",138,621,62,837,2232,1116,4185,50220,"文字を並べ替えて単語を作る"
25,"A","connect-dots","一筆書きパズル","Games","puzzle",138,621,62,837,2232,1116,4185,50220,"一筆で全てのドットをつなぐパズル"
26,"A","fill-puzzle","ブロック埋めパズル","Games","puzzle",138,621,62,837,2232,1116,4185,50220,"ブロックをはめてマスを埋めるパズル"
27,"A","maze-puzzle","迷路","Games","puzzle",138,621,62,837,2232,1116,4185,50220,"ゴールを目指す迷路パズル"
28,"A","tower-of-hanoi","ハノイの塔","Games","puzzle",138,621,62,837,2232,1116,4185,50220,"円盤を正しい順で移動するパズル"
29,"A","number-guessing","数当てゲーム","Games","puzzle",138,621,62,837,2232,1116,4185,50220,"1-100の数を当てるゲーム"
30,"A","hangman","ハングマン","Games","puzzle",138,621,62,837,2232,1116,4185,50220,"文字を推測して単語を当てるゲーム"
31,"A","tic-tac-toe","三目並べ","Games","puzzle",138,621,62,837,2232,1116,4185,50220,"○×の三目並べゲーム"
32,"A","connect-four","四目並べ","Games","puzzle",138,621,62,837,2232,1116,4185,50220,"縦横斜めに4つ並べるゲーム"
33,"A","gomoku","五目並べ","Games","puzzle",138,621,62,837,2232,1116,4185,50220,"五目並べ対戦ゲーム"
34,"A","lights-out","ライツアウト","Games","puzzle",138,621,62,837,2232,1116,4185,50220,"全てのライトを消すパズルゲーム"
35,"A","freecell","フリーセル","Games","puzzle",138,621,62,837,2232,1116,4185,50220,"トランプのフリーセルゲーム"
36,"A","spot-the-difference","間違い探し","Games","puzzle",138,621,62,837,2232,1116,4185,50220,"2枚の絵の間違いを探すゲーム"
37,"A","pipe-puzzle","配管パズル","Games","puzzle",138,621,62,837,2232,1116,4185,50220,"パイプをつなげて水を流すパズル"
38,"A","tangram","タングラム","Games","puzzle",138,621,62,837,2232,1116,4185,50220,"7つのピースでシルエットを作るパズル"
39,"A","kakuro-hard","カックロ上級","Games","puzzle",138,621,62,837,2232,1116,4185,50220,"上級者向けの大きなカックロパズル"
40,"A","killer-sudoku","キラー数独","Games","puzzle",138,621,62,837,2232,1116,4185,50220,"足し算ルール追加の変則数独"
41,"A","emoji-quiz","絵文字クイズ","Entertainment","quiz",213,959,77,554,1774,1039,3367,40404,"絵文字の組み合わせから答えを推測"
42,"A","logo-quiz","ロゴクイズ","Entertainment","quiz",213,959,77,554,1774,1039,3367,40404,"企業ロゴの名前を当てるクイズ"
43,"A","yojijukugo-quiz","四字熟語クイズ","Education","quiz",193,869,70,504,1613,945,3062,36744,"四字熟語の意味を当てるクイズ"
44,"A","kotowaza-quiz","ことわざクイズ","Education","quiz",193,869,70,504,1613,945,3062,36744,"日本語のことわざの意味を当てるクイズ"
45,"A","capital-quiz","首都クイズ","Education","quiz",193,869,70,504,1613,945,3062,36744,"世界の首都を当てるクイズ"
46,"A","history-quiz","日本史クイズ","Education","quiz",193,869,70,504,1613,945,3062,36744,"日本史の重要人物・出来事をクイズ"
47,"A","world-history-quiz","世界史クイズ","Education","quiz",193,869,70,504,1613,945,3062,36744,"世界史の重要な出来事をクイズ"
48,"A","science-quiz","理科クイズ","Education","quiz",193,869,70,504,1613,945,3062,36744,"物理・化学・生物の基礎知識クイズ"
49,"A","animal-quiz","動物クイズ","Education","quiz",193,869,70,504,1613,945,3062,36744,"動物の特徴から名前を当てるクイズ"
50,"A","food-quiz","食べ物クイズ","Education","quiz",193,869,70,504,1613,945,3062,36744,"料理・食材の知識クイズ"
51,"A","station-name-quiz","駅名クイズ","Education","quiz",193,869,70,504,1613,945,3062,36744,"難読駅名の読み方を当てるクイズ"
52,"A","math-quiz","算数クイズ","Education","quiz",193,869,70,504,1613,945,3062,36744,"四則演算のスピードクイズ"
53,"A","general-knowledge-quiz","一般常識クイズ","Education","quiz",193,869,70,504,1613,945,3062,36744,"就活にも使える一般常識テスト"
54,"A","idiom-quiz","慣用句クイズ","Education","quiz",193,869,70,504,1613,945,3062,36744,"日本語の慣用句の意味を当てるクイズ"
55,"A","geography-quiz","地理クイズ","Education","quiz",193,869,70,504,1613,945,3062,36744,"世界の地形・気候・文化をクイズ"
56,"A","anatomy-quiz","人体クイズ","Education","quiz",193,869,70,504,1613,945,3062,36744,"人体の骨・筋肉・臓器の知識クイズ"
57,"A","itsukei-quiz","一般教養クイズ","Education","quiz",193,869,70,504,1613,945,3062,36744,"文学・芸術・哲学の教養クイズ"
58,"A","hyakunin-isshu-quiz","百人一首クイズ","Education","quiz",193,869,70,504,1613,945,3062,36744,"百人一首の上の句から下の句を当てる"
59,"A","multiplication-table","九九練習","Education","quiz",193,869,70,504,1613,945,3062,36744,"九九の掛け算を練習・テスト"
60,"A","hiragana-practice","ひらがな練習","Education","quiz",193,869,70,504,1613,945,3062,36744,"ひらがなの読み書きを練習"
61,"A","katakana-practice","カタカナ練習","Education","quiz",193,869,70,504,1613,945,3062,36744,"カタカナの読み書きを練習"
62,"A","alphabet-practice","アルファベット練習","Education","quiz",193,869,70,504,1613,945,3062,36744,"英語のアルファベット練習（子供向け）"
63,"A","english-grammar-quiz","英文法クイズ","Education","quiz",193,869,70,504,1613,945,3062,36744,"英文法の基礎をクイズで学習"
64,"A","chinese-quiz","中国語クイズ","Education","quiz",193,869,70,504,1613,945,3062,36744,"中国語の基礎単語・ピンインクイズ"
65,"A","korean-quiz","韓国語クイズ","Education","quiz",193,869,70,504,1613,945,3062,36744,"韓国語の基礎単語・ハングルクイズ"
66,"A","french-quiz","フランス語クイズ","Education","quiz",193,869,70,504,1613,945,3062,36744,"フランス語の基礎単語クイズ"
67,"A","chemistry-formula-quiz","化学式クイズ","Education","quiz",193,869,70,504,1613,945,3062,36744,"化学式と元素記号のクイズ"
68,"A","kids-math-quiz","さんすうクイズ","Education","quiz",193,869,70,504,1613,945,3062,36744,"幼児・小学低学年向けの算数クイズ"
69,"A","kids-shape-quiz","かたちクイズ","Education","quiz",193,869,70,504,1613,945,3062,36744,"形と色を当てる幼児向けクイズ"
70,"A","kids-counting","かずをかぞえよう","Education","quiz",193,869,70,504,1613,945,3062,36744,"1から100までの数を数える練習"
71,"A","license-plate-quiz","ナンバープレートクイズ","Education","quiz",193,869,70,504,1613,945,3062,36744,"車のナンバープレートの地名を当てるクイズ"
72,"A","kokuji-quiz","国字クイズ","Education","quiz",193,869,70,504,1613,945,3062,36744,"日本で作られた漢字「国字」のクイズ"
73,"A","onomatopoeia-quiz","オノマトペクイズ","Education","quiz",193,869,70,504,1613,945,3062,36744,"擬音語・擬態語の意味を当てるクイズ"
74,"A","goju-on-trainer","五十音トレーナー","Education","quiz",193,869,70,504,1613,945,3062,36744,"五十音表の読み書きをトレーニング"
75,"A","prefecture-capital-quiz","県庁所在地クイズ","Education","quiz",193,869,70,504,1613,945,3062,36744,"47都道府県の県庁所在地を当てるクイズ"
76,"A","mountain-quiz","日本の山クイズ","Education","quiz",193,869,70,504,1613,945,3062,36744,"日本の名山の標高・場所を当てるクイズ"
77,"A","river-quiz","日本の川クイズ","Education","quiz",193,869,70,504,1613,945,3062,36744,"日本の川の長さ・流域を当てるクイズ"
78,"A","world-heritage-quiz","世界遺産クイズ","Education","quiz",193,869,70,504,1613,945,3062,36744,"世界遺産の名前と場所を当てるクイズ"
79,"A","dinosaur-quiz","恐竜クイズ","Education","quiz",193,869,70,504,1613,945,3062,36744,"恐竜の名前と特徴を当てるクイズ"
80,"A","space-quiz","宇宙クイズ","Education","quiz",193,869,70,504,1613,945,3062,36744,"惑星・星・宇宙の知識クイズ"
81,"A","insect-quiz","昆虫クイズ","Education","quiz",193,869,70,504,1613,945,3062,36744,"昆虫の名前と特徴を当てるクイズ"
82,"A","fish-quiz","お魚クイズ","Education","quiz",193,869,70,504,1613,945,3062,36744,"魚の名前と漢字を当てるクイズ"
83,"A","flower-quiz","お花クイズ","Education","quiz",193,869,70,504,1613,945,3062,36744,"花の名前と花言葉を当てるクイズ"
84,"A","tree-quiz","樹木クイズ","Education","quiz",193,869,70,504,1613,945,3062,36744,"木の名前と特徴を当てるクイズ"
85,"B","color-analysis","パーソナルカラー診断","Beauty","quiz",186,837,67,482,1544,904,2930,35160,"パーソナルカラー（春夏秋冬）診断"
86,"B","word-chain","しりとり","Games","quiz",166,747,60,432,1382,810,2624,31488,"コンピュータとしりとり対戦"
87,"B","horoscope-daily","今日の星座占い","Entertainment","fortune",253,1139,137,308,1644,617,2569,30828,"12星座の毎日の運勢を占う"
88,"B","music-quiz","音楽クイズ","Entertainment","quiz",152,684,55,396,1267,743,2406,28872,"音楽の歴史・アーティストクイズ"
89,"B","sports-quiz","スポーツクイズ","Entertainment","quiz",152,684,55,396,1267,743,2406,28872,"スポーツの歴史・ルールクイズ"
90,"B","movie-quiz","映画クイズ","Entertainment","quiz",152,684,55,396,1267,743,2406,28872,"名作映画の知識クイズ"
91,"B","true-false-quiz","マルバツクイズ","Entertainment","quiz",152,684,55,396,1267,743,2406,28872,"豆知識の○×クイズ"
92,"B","personality-test","性格診断","Entertainment","fortune",182,819,98,221,1176,441,1838,22056,"MBTI風の性格診断テスト"
93,"B","white-noise","ホワイトノイズ","Health","sound",120,540,65,1560,125,0,1685,20220,"ホワイトノイズ・ピンクノイズで集中・睡眠"
94,"B","kakeibo","かんたん家計簿","Finance","budget",166,747,134,482,1158,0,1640,19680,"支出をカテゴリ別に記録する家計簿"
95,"B","seimei-handan","姓名判断","Entertainment","fortune",162,729,87,196,1044,392,1632,19584,"名前の画数から運勢を占う"
96,"B","weight-tracker","体重記録","Health","tracker",127,572,114,385,1231,0,1616,19392,"体重の推移をグラフで可視化"
97,"B","sleep-tracker","睡眠記録","Health","tracker",127,572,114,385,1231,0,1616,19392,"就寝・起床時間と睡眠の質を記録"
98,"B","baby-tracker","育児記録","Health","tracker",127,572,114,385,1231,0,1616,19392,"授乳・おむつ・睡眠を記録"
99,"B","period-tracker","生理日記録","Health","tracker",127,572,114,385,1231,0,1616,19392,"生理日・排卵日・体調を予測・記録"
100,"B","omikuji","おみくじ","Entertainment","fortune",152,684,82,185,984,369,1538,18456,"毎日のおみくじで運勢をチェック"
101,"B","tarot-reading","タロット占い","Entertainment","fortune",152,684,82,185,984,369,1538,18456,"タロットカードで運勢を占う"
102,"B","water-tracker","水分記録","Health","tracker",120,540,108,365,1166,0,1531,18372,"1日の水分摂取量を記録・目標管理"
103,"B","music-interval-trainer","音程トレーニング","Music","quiz",97,437,35,252,806,473,1531,18372,"音程を聞き分ける耳トレーニング"
104,"B","rhythm-trainer","リズムトレーニング","Music","quiz",97,437,35,252,806,473,1531,18372,"リズムパターンを聞いて再現するトレーニング"
105,"B","sight-reading-trainer","初見読譜トレーニング","Music","quiz",97,437,35,252,806,473,1531,18372,"楽譜を読んで音符を当てるトレーニング"
106,"B","music-note-quiz","音符クイズ","Music","quiz",97,437,35,252,806,473,1531,18372,"音符・記号の名前を当てるクイズ"
107,"B","habit-tracker","習慣トラッカー","Productivity","tracker",114,513,103,348,1112,0,1460,17520,"毎日の習慣を記録・連続日数を表示"
108,"B","love-compatibility","恋愛相性占い","Entertainment","fortune",142,639,77,173,924,347,1444,17328,"二人の名前・誕生日から相性を診断"
109,"B","diet-log","ダイエット記録","Health","tracker",112,504,101,341,1091,0,1432,17184,"体重・食事・運動のダイエット記録"
110,"B","rain-sounds","雨の音","Health","sound",102,459,55,1320,106,0,1426,17112,"雨・雷・嵐のリラックスサウンド"
111,"B","baby-sleep-sounds","赤ちゃん寝かしつけ音","Health","sound",90,405,49,1176,94,0,1270,15240,"赤ちゃんが眠るホワイトノイズ・子守唄"
112,"B","mood-tracker","気分記録","Health","tracker",97,437,87,294,940,0,1234,14808,"毎日の気分・感情を記録・分析"
113,"B","cigarette-tracker","禁煙カウンター","Health","tracker",97,437,87,294,940,0,1234,14808,"禁煙日数・節約金額を記録"
114,"B","todo-list","やることリスト","Productivity","tracker",95,428,86,290,929,0,1219,14628,"シンプルなToDoリストとタスク管理"
115,"B","rock-paper-scissors","じゃんけん","Games","fortune",110,495,59,133,708,266,1107,13284,"コンピュータとじゃんけん勝負"
116,"B","sound-mixer","サウンドミキサー","Health","sound",78,351,42,1008,81,0,1089,13068,"複数の環境音をミックスして自分だけのサウンドを作成"
117,"B","reading-tracker","読書記録","Education","tracker",81,365,73,246,788,0,1034,12408,"読んだ本・ページ数・感想を記録"
118,"B","study-planner","勉強プランナー","Education","tracker",81,365,73,246,788,0,1034,12408,"科目別の勉強計画と進捗を管理"
119,"B","blood-type-fortune","血液型占い","Entertainment","fortune",101,455,55,124,660,248,1032,12384,"血液型別の今日の運勢と相性"
120,"B","kyusei-kigaku","九星気学","Entertainment","fortune",101,455,55,124,660,248,1032,12384,"九星気学による方位・運勢占い"
121,"B","dream-fortune","夢占い","Entertainment","fortune",101,455,55,124,660,248,1032,12384,"夢の内容から運勢を占う"
122,"B","today-lucky-color","今日のラッキーカラー","Entertainment","fortune",101,455,55,124,660,248,1032,12384,"誕生日から今日のラッキーカラーを診断"
123,"B","palm-reading","手相占い","Entertainment","fortune",101,455,55,124,660,248,1032,12384,"手相の見方と運勢を解説"
124,"B","numerology","数秘術占い","Entertainment","fortune",101,455,55,124,660,248,1032,12384,"誕生日から運命数を計算して占う"
125,"B","animal-fortune","動物占い","Entertainment","fortune",101,455,55,124,660,248,1032,12384,"生年月日から動物タイプと性格を診断"
126,"B","fortune-cookie","フォーチュンクッキー","Entertainment","fortune",101,455,55,124,660,248,1032,12384,"フォーチュンクッキーを割って運勢を見る"
127,"B","biorhythm","バイオリズム","Entertainment","fortune",101,455,55,124,660,248,1032,12384,"生年月日からバイオリズムを計算・表示"
128,"B","aura-reading","オーラ診断","Entertainment","fortune",101,455,55,124,660,248,1032,12384,"質問に答えてオーラの色を診断"
129,"C","medicine-tracker","お薬リマインダー","Health","tracker",75,338,68,230,734,0,964,11568,"薬の服用スケジュールを管理・リマインド"
130,"C","workout-tracker","筋トレ記録","Health","tracker",75,338,68,230,734,0,964,11568,"筋トレの種目・重量・セット数を記録"
131,"C","running-log","ランニング記録","Health","tracker",75,338,68,230,734,0,964,11568,"ランニングの距離・時間・ペースを記録"
132,"C","alcohol-tracker","お酒記録","Health","tracker",75,338,68,230,734,0,964,11568,"飲酒量と休肝日を記録"
133,"C","caffeine-tracker","カフェイン記録","Health","tracker",75,338,68,230,734,0,964,11568,"1日のカフェイン摂取量を管理"
134,"C","body-measurement","ボディサイズ記録","Health","tracker",75,338,68,230,734,0,964,11568,"ウエスト・ヒップ等のサイズを記録"
135,"C","growth-chart","成長記録","Health","tracker",75,338,68,230,734,0,964,11568,"子供の身長・体重の成長記録"
136,"C","blood-sugar-log","血糖値記録","Health","tracker",75,338,68,230,734,0,964,11568,"血糖値を食前食後で記録・グラフ表示"
137,"C","kids-animal-sounds","どうぶつの声","Education","sound",64,288,34,816,65,0,881,10572,"動物の鳴き声を聞いて学ぶ（幼児向け）"
138,"C","savings-tracker","貯金トラッカー","Finance","tracker",69,311,62,209,670,0,879,10548,"貯金目標と進捗を可視化"
139,"C","subscription-tracker","サブスク管理","Finance","tracker",69,311,62,209,670,0,879,10548,"月額サービスの支出を一括管理"
140,"C","point-card-tracker","ポイントカード管理","Finance","tracker",69,311,62,209,670,0,879,10548,"各種ポイントカードの残高を一括管理"
141,"C","ocean-sounds","海の音","Health","sound",60,270,33,792,63,0,855,10260,"波の音・海辺の環境音"
142,"C","forest-sounds","森の音","Health","sound",60,270,33,792,63,0,855,10260,"小鳥のさえずり・森の環境音"
143,"C","fireplace-sounds","暖炉の音","Health","sound",60,270,33,792,63,0,855,10260,"パチパチ燃える暖炉のサウンド"
144,"C","wind-sounds","風の音","Health","sound",60,270,33,792,63,0,855,10260,"そよ風・強風・風鈴の音"
145,"C","river-sounds","川の音","Health","sound",60,270,33,792,63,0,855,10260,"せせらぎ・滝・渓流の音"
146,"C","night-sounds","夜の音","Health","sound",60,270,33,792,63,0,855,10260,"虫の声・コオロギ・夜の環境音"
147,"C","cat-purr-sounds","猫のゴロゴロ","Health","sound",60,270,33,792,63,0,855,10260,"猫のゴロゴロ音でリラックス"
148,"C","train-sounds","電車の音","Health","sound",60,270,33,792,63,0,855,10260,"電車の走行音・踏切の音"
149,"C","city-sounds","都会の音","Health","sound",60,270,33,792,63,0,855,10260,"都会の喧騒・交通の環境音"
150,"C","binaural-beats","バイノーラルビート","Health","sound",60,270,33,792,63,0,855,10260,"集中・リラックス・睡眠用のバイノーラルビート"
151,"C","thunder-sounds","雷の音","Health","sound",60,270,33,792,63,0,855,10260,"雷鳴・激しい雨のリラックスサウンド"
152,"C","asmr-keyboard","ASMRキーボード音","Health","sound",60,270,33,792,63,0,855,10260,"メカニカルキーボードのASMRサウンド"
153,"C","food-expiry","食品賞味期限管理","Food & Drink","tracker",67,302,60,203,648,0,851,10212,"冷蔵庫の食品の賞味期限を管理"
154,"C","weekly-budget","週間予算管理","Finance","budget",83,374,67,241,579,0,820,9840,"週ごとの予算を設定して支出を管理"
155,"C","couple-budget","カップル家計簿","Finance","budget",83,374,67,241,579,0,820,9840,"二人の支出を合算して管理する家計簿"
156,"C","travel-budget","旅行予算管理","Finance","budget",83,374,67,241,579,0,820,9840,"旅行の予算と支出を管理"
157,"C","student-budget","学生家計簿","Finance","budget",83,374,67,241,579,0,820,9840,"仕送り・バイト代の収支を管理"
158,"C","envelope-budget","封筒予算管理","Finance","budget",83,374,67,241,579,0,820,9840,"封筒式の予算管理で使いすぎ防止"
159,"C","side-hustle-tracker","副業収入管理","Finance","budget",83,374,67,241,579,0,820,9840,"副業の収入と経費を管理"
160,"C","wedding-budget","結婚式予算管理","Finance","budget",83,374,67,241,579,0,820,9840,"結婚式の費用を項目別に管理"
161,"C","car-expense-tracker","車の維持費記録","Finance","budget",83,374,67,241,579,0,820,9840,"ガソリン代・車検・保険等の車の費用を記録"
162,"C","gift-budget","プレゼント予算","Finance","budget",83,374,67,241,579,0,820,9840,"誕生日・クリスマスのプレゼント予算を管理"
163,"C","allowance-tracker","おこづかい帳","Finance","budget",83,374,67,241,579,0,820,9840,"子供のおこづかいの収支を管理"
164,"C","daily-routine","デイリールーティン","Productivity","tracker",63,284,57,192,616,0,808,9696,"朝・昼・夜のルーティンをチェックリスト管理"
165,"C","project-task-list","プロジェクトタスク","Productivity","tracker",63,284,57,192,616,0,808,9696,"プロジェクト別のタスクを管理"
166,"C","habit-score","習慣スコア","Productivity","tracker",63,284,57,192,616,0,808,9696,"習慣の達成率をスコア化して可視化"
167,"C","screen-time-log","スマホ時間記録","Productivity","tracker",63,284,57,192,616,0,808,9696,"スマホ使用時間を自己記録・目標設定"
168,"C","morning-routine","朝活チェック","Productivity","tracker",63,284,57,192,616,0,808,9696,"朝のルーティンをチェックリストで管理"
169,"C","goal-tracker","目標トラッカー","Productivity","tracker",63,284,57,192,616,0,808,9696,"年間・月間目標の進捗を管理"
170,"C","fusui-guide","風水ガイド","Lifestyle","fortune",74,333,40,90,480,180,750,9000,"風水の基本と開運インテリア配置"
171,"C","cafe-sounds","カフェの音","Productivity","sound",51,230,28,672,54,0,726,8712,"カフェの雑音で集中力アップ"
172,"C","pomodoro-timer","ポモドーロタイマー","Productivity","timer",127,572,69,207,497,0,704,8448,"25分集中+5分休憩のポモドーロテクニック"
173,"C","speed-math","暗算トレーニング","Education","memory",126,567,27,97,363,243,703,8436,"制限時間内に暗算問題を解くトレーニング"
174,"C","skincare-routine","スキンケアルーティン","Beauty","tracker",52,234,47,159,508,0,667,8004,"朝晩のスキンケアルーティンを管理"
175,"C","cosmetics-expiry","化粧品使用期限管理","Beauty","tracker",52,234,47,159,508,0,667,8004,"化粧品の使用期限を管理・リマインド"
176,"C","study-timer","勉強タイマー","Education","timer",113,509,61,183,439,0,622,7464,"集中時間を記録する勉強専用タイマー"
177,"C","meditation-timer","瞑想タイマー","Health","timer",112,504,60,180,432,0,612,7344,"ベル音付きの瞑想・マインドフルネスタイマー"
178,"C","fasting-timer","断食タイマー","Health","timer",112,504,60,180,432,0,612,7344,"16:8等のインターミッテントファスティングタイマー"
179,"C","memory-match","神経衰弱","Games","memory",108,486,23,83,309,207,599,7188,"カードをめくって同じ絵柄を探す神経衰弱"
180,"C","pet-tracker","ペット記録","Lifestyle","tracker",46,207,41,138,443,0,581,6972,"ペットの食事・通院・体重を記録"
181,"C","plant-tracker","植物記録","Lifestyle","tracker",46,207,41,138,443,0,581,6972,"植物の水やり・肥料スケジュールを管理"
182,"C","cleaning-tracker","掃除記録","Lifestyle","tracker",46,207,41,138,443,0,581,6972,"部屋ごとの掃除スケジュールを管理"
183,"C","birthday-tracker","誕生日管理","Lifestyle","tracker",46,207,41,138,443,0,581,6972,"家族・友人の誕生日をリマインド"
184,"C","moving-checklist","引越しチェックリスト","Lifestyle","tracker",46,207,41,138,443,0,581,6972,"引越しの手続き・やることリスト"
185,"C","electricity-usage","電気使用量記録","Utility","tracker",46,207,41,138,443,0,581,6972,"月々の電気使用量と料金を記録"
186,"C","gas-usage-tracker","ガス使用量記録","Utility","tracker",46,207,41,138,443,0,581,6972,"月々のガス使用量と料金を記録"
187,"C","water-bill-tracker","水道代記録","Utility","tracker",46,207,41,138,443,0,581,6972,"月々の水道使用量と料金を記録"
188,"C","milestone-tracker","成長マイルストーン","Lifestyle","tracker",46,207,41,138,443,0,581,6972,"赤ちゃんの発達マイルストーンを記録"
189,"C","tooth-fairy-tracker","歯の記録","Lifestyle","tracker",46,207,41,138,443,0,581,6972,"乳歯が抜けた日と場所を記録"
190,"C","chore-chart","お手伝い表","Lifestyle","tracker",46,207,41,138,443,0,581,6972,"子供のお手伝いをスタンプで記録"
191,"C","pet-vaccine","ペットワクチン記録","Lifestyle","tracker",46,207,41,138,443,0,581,6972,"ペットのワクチン・予防接種を記録"
192,"C","mileage-tracker","走行距離記録","Utility","tracker",46,207,41,138,443,0,581,6972,"車の走行距離を記録・経費計算"
193,"C","oil-change-tracker","オイル交換記録","Utility","tracker",46,207,41,138,443,0,581,6972,"エンジンオイル交換時期をリマインド"
194,"C","tire-pressure-log","タイヤ空気圧記録","Utility","tracker",46,207,41,138,443,0,581,6972,"タイヤ空気圧を定期的に記録"
195,"C","event-planner","イベントプランナー","Lifestyle","tracker",46,207,41,138,443,0,581,6972,"イベントのタスク・ゲストを管理"
196,"C","stamp-rally","スタンプラリー","Lifestyle","tracker",46,207,41,138,443,0,581,6972,"オリジナルスタンプラリーを作成・達成"
197,"C","soroban-training","そろばんトレーニング","Education","memory",97,437,21,76,282,189,547,6564,"そろばん式暗算のトレーニング"
198,"C","word-memory","単語記憶ゲーム","Education","memory",97,437,21,76,282,189,547,6564,"表示された単語を記憶して選ぶゲーム"
199,"C","typing-speed","タイピング速度","Education","memory",97,437,21,76,282,189,547,6564,"タイピング速度を測定・トレーニング"
200,"C","text-to-speech","テキスト読み上げ","Utility","sound",37,167,20,480,38,0,518,6216,"テキストを音声で読み上げ"
201,"C","travel-expense","旅行費用記録","Travel","budget",48,216,39,140,337,0,477,5724,"旅行中の出費を通貨別に記録"
202,"C","sequence-memory","記憶力チャレンジ","Games","memory",83,374,18,65,242,162,469,5628,"光る順番を覚えて再現する記憶ゲーム"
203,"C","reaction-time","反射神経テスト","Games","memory",83,374,18,65,242,162,469,5628,"反応速度を測定するテスト"
204,"C","color-match","色判別ゲーム","Games","memory",83,374,18,65,242,162,469,5628,"文字の色と意味が一致するか判定するゲーム"
205,"C","number-memory","数字記憶","Games","memory",83,374,18,65,242,162,469,5628,"表示された数字を記憶して入力するゲーム"
206,"C","pattern-recognition","パターン認識","Games","memory",83,374,18,65,242,162,469,5628,"パターンの法則を見つけるトレーニング"
207,"C","visual-memory","視覚記憶テスト","Games","memory",83,374,18,65,242,162,469,5628,"一瞬表示された画像の位置を記憶するテスト"
208,"C","attention-training","集中力トレーニング","Games","memory",83,374,18,65,242,162,469,5628,"注意力と集中力を鍛えるミニゲーム集"
209,"C","simon-says","サイモンセッズ","Games","memory",83,374,18,65,242,162,469,5628,"光と音の順番を覚えるゲーム"
210,"C","shinkei-suijaku-animal","どうぶつ神経衰弱","Games","memory",83,374,18,65,242,162,469,5628,"動物カードの神経衰弱ゲーム（子供向け）"
211,"C","guitar-tuner","ギターチューナー","Music","sound",32,144,18,432,35,0,467,5604,"ギターの音を合わせるチューナー"
212,"C","ukulele-tuner","ウクレレチューナー","Music","sound",32,144,18,432,35,0,467,5604,"ウクレレ専用チューナー"
213,"C","pitch-pipe","ピッチパイプ","Music","sound",32,144,18,432,35,0,467,5604,"基準音を出すピッチパイプ"
214,"C","referee-whistle","審判ホイッスル","Sports","sound",32,144,18,432,35,0,467,5604,"スポーツ審判用のホイッスル音"
215,"C","hiit-timer","HIITタイマー","Health","timer",75,338,41,123,295,0,418,5016,"高強度インターバルトレーニング用タイマー"
216,"C","tabata-timer","タバタタイマー","Health","timer",75,338,41,123,295,0,418,5016,"20秒運動+10秒休憩のタバタ式タイマー"
217,"C","brushing-timer","歯磨きタイマー","Health","timer",75,338,41,123,295,0,418,5016,"子供も楽しめる歯磨き2分タイマー"
218,"C","plank-timer","プランクタイマー","Health","timer",75,338,41,123,295,0,418,5016,"プランクチャレンジ用のタイマー"
219,"C","nap-timer","昼寝タイマー","Health","timer",75,338,41,123,295,0,418,5016,"15/20/30分の昼寝用アラームタイマー"
220,"C","interval-timer","インターバルタイマー","Health","timer",75,338,41,123,295,0,418,5016,"運動と休憩の繰り返しタイマー"
221,"C","contraction-timer","陣痛タイマー","Health","timer",75,338,41,123,295,0,418,5016,"陣痛の間隔と持続時間を記録"
222,"C","stretch-timer","ストレッチタイマー","Health","timer",75,338,41,123,295,0,418,5016,"部位別ストレッチのインターバルタイマー"
223,"C","eye-exercise","目の体操","Health","timer",75,338,41,123,295,0,418,5016,"20-20-20ルールの目の休憩リマインダー"
224,"C","posture-reminder","姿勢リマインダー","Health","timer",75,338,41,123,295,0,418,5016,"定期的に姿勢チェックをリマインド"
225,"C","breathing-exercise","呼吸エクササイズ","Health","timer",75,338,41,123,295,0,418,5016,"4-7-8呼吸法・ボックス呼吸のガイド"
226,"C","hydration-reminder","水分補給リマインダー","Health","timer",75,338,41,123,295,0,418,5016,"定期的に水分補給をリマインド"
227,"C","chess-clock","チェスクロック","Games","timer",69,311,37,111,266,0,377,4524,"対戦ゲーム用の2人対局タイマー"
228,"C","cooking-timer","クッキングタイマー","Food & Drink","timer",67,302,36,108,259,0,367,4404,"複数の料理を同時にタイマー管理"
229,"C","presentation-timer","プレゼンタイマー","Productivity","timer",63,284,34,102,245,0,347,4164,"プレゼン用の大画面カウントダウン"
230,"C","focus-timer","集中タイマー","Productivity","timer",63,284,34,102,245,0,347,4164,"スマホを触らない時間を記録する集中タイマー"
231,"D","food-log","食事記録","Health","log",84,378,46,110,177,0,287,3444,"毎食の内容を写真付きで記録"
232,"D","egg-timer","ゆでたまごタイマー","Food & Drink","timer",52,234,28,84,202,0,286,3432,"半熟・固ゆでを選んでタイマー開始"
233,"D","tea-timer","お茶タイマー","Food & Drink","timer",52,234,28,84,202,0,286,3432,"茶葉の種類に合わせた蒸らし時間タイマー"
234,"D","fermentation-timer","発酵タイマー","Food & Drink","timer",52,234,28,84,202,0,286,3432,"パン・味噌・ヨーグルトの発酵タイマー"
235,"D","stopwatch-pro","ストップウォッチ","Utility","timer",46,207,25,75,180,0,255,3060,"ラップタイム付きの高精度ストップウォッチ"
236,"D","countdown-widget","カウントダウン","Utility","timer",46,207,25,75,180,0,255,3060,"イベントまでのカウントダウンを表示"
237,"D","laundry-timer","洗濯タイマー","Lifestyle","timer",46,207,25,75,180,0,255,3060,"洗濯機・乾燥機のタイマー"
238,"D","parking-timer","駐車タイマー","Utility","timer",46,207,25,75,180,0,255,3060,"パーキングメーターの残り時間をタイマー"
239,"D","shaken-reminder","車検リマインダー","Utility","timer",46,207,25,75,180,0,255,3060,"車検・自賠責保険の期限をリマインド"
240,"D","metronome","メトロノーム","Music","timer",40,180,22,66,158,0,224,2688,"BPM設定可能な正確なメトロノーム"
241,"D","practice-timer","練習タイマー","Music","timer",40,180,22,66,158,0,224,2688,"楽器練習用のインターバルタイマー"
242,"D","flashcard-maker","フラッシュカード","Education","log",64,288,34,82,131,0,213,2556,"自作フラッシュカードで暗記学習"
243,"D","vocabulary-notebook","単語帳","Education","log",64,288,34,82,131,0,213,2556,"自分だけの単語帳を作成・暗記"
244,"D","school-timetable","時間割","Education","log",64,288,34,82,131,0,213,2556,"学校の時間割を登録・確認"
245,"D","gratitude-journal","感謝日記","Health","log",60,270,33,79,127,0,206,2472,"毎日の感謝を3つ書き留める日記"
246,"D","skincare-log","スキンケア記録","Health","log",60,270,33,79,127,0,206,2472,"スキンケア製品と肌の状態を記録"
247,"D","headache-diary","頭痛ダイアリー","Health","log",60,270,33,79,127,0,206,2472,"頭痛の頻度・強度・トリガーを記録"
248,"D","allergy-log","アレルギー記録","Health","log",60,270,33,79,127,0,206,2472,"アレルギー症状と原因食品を記録"
249,"D","symptom-diary","症状日記","Health","log",60,270,33,79,127,0,206,2472,"体調・症状を日々記録して受診時に活用"
250,"D","gratitude-365","365日感謝日記","Health","log",60,270,33,79,127,0,206,2472,"1年間毎日の感謝を記録する日記"
251,"D","simple-diary","シンプル日記","Lifestyle","log",59,266,32,77,123,0,200,2400,"一日一言のシンプルな日記帳"
252,"D","movie-log","映画記録","Entertainment","log",51,230,28,67,108,0,175,2100,"観た映画の感想と評価を記録"
253,"D","game-log","ゲームプレイ記録","Entertainment","log",51,230,28,67,108,0,175,2100,"プレイしたゲームの感想・プレイ時間を記録"
254,"D","weekly-review","週間振り返り","Productivity","log",51,230,28,67,108,0,175,2100,"1週間の振り返りを記録・改善"
255,"D","shopping-list","買い物リスト","Lifestyle","log",48,216,26,62,100,0,162,1944,"カテゴリ別の買い物チェックリスト"
256,"D","wine-log","ワイン記録","Food & Drink","log",41,185,22,53,84,0,137,1644,"飲んだワインの銘柄・評価を記録"
257,"D","coffee-log","コーヒー記録","Food & Drink","log",41,185,22,53,84,0,137,1644,"コーヒー豆・淹れ方・味の記録"
258,"D","recipe-note","レシピノート","Food & Drink","log",41,185,22,53,84,0,137,1644,"オリジナルレシピを保存・管理"
259,"D","nail-design-log","ネイルデザイン記録","Beauty","log",41,185,22,53,84,0,137,1644,"ネイルデザインの写真と履歴を記録"
260,"D","hair-color-log","ヘアカラー記録","Beauty","log",41,185,22,53,84,0,137,1644,"ヘアカラーの色番号・日付を記録"
261,"D","grocery-list","食料品リスト","Food & Drink","log",41,185,22,53,84,0,137,1644,"食料品の買い物リストをカテゴリ別に管理"
262,"D","ramen-log","ラーメン記録","Food & Drink","log",41,185,22,53,84,0,137,1644,"食べたラーメンの店・味・評価を記録"
263,"D","sake-log","日本酒記録","Food & Drink","log",41,185,22,53,84,0,137,1644,"飲んだ日本酒の銘柄・評価を記録"
264,"D","beer-log","ビール記録","Food & Drink","log",41,185,22,53,84,0,137,1644,"クラフトビールの銘柄・味を記録"
265,"D","whiskey-log","ウイスキー記録","Food & Drink","log",41,185,22,53,84,0,137,1644,"ウイスキーの銘柄・テイスティングノート"
266,"D","dream-journal","夢日記","Lifestyle","log",37,167,20,48,77,0,125,1500,"夢の内容を記録・カテゴリ分け"
267,"D","travel-log","旅行記録","Lifestyle","log",37,167,20,48,77,0,125,1500,"旅行先・費用・思い出を記録"
268,"D","garden-log","園芸日記","Lifestyle","log",37,167,20,48,77,0,125,1500,"植物の成長を記録する園芸日記"
269,"D","packing-list","持ち物チェックリスト","Utility","log",37,167,20,48,77,0,125,1500,"旅行・出張の持ち物リストを管理"
270,"D","simple-notepad","シンプルメモ帳","Utility","log",37,167,20,48,77,0,125,1500,"すぐ書けるシンプルなメモ帳"
271,"D","room-measure","部屋の寸法メモ","Utility","log",37,167,20,48,77,0,125,1500,"部屋のサイズと家具の寸法を記録"
272,"D","home-inventory","家の持ち物リスト","Lifestyle","log",37,167,20,48,77,0,125,1500,"家電・家具・貴重品のリストを管理"
273,"D","maintenance-log","家のメンテナンス記録","Lifestyle","log",37,167,20,48,77,0,125,1500,"家電・住宅のメンテナンス履歴を記録"
274,"D","first-words-log","初めてことば記録","Lifestyle","log",37,167,20,48,77,0,125,1500,"赤ちゃんの初めてのことばを記録"
275,"D","bucket-list","バケットリスト","Lifestyle","log",37,167,20,48,77,0,125,1500,"人生でやりたいことリストを管理"
276,"D","wish-list","ほしい物リスト","Lifestyle","log",37,167,20,48,77,0,125,1500,"欲しいもの・買いたいものリスト"
277,"D","travel-checklist","旅行チェックリスト","Lifestyle","log",37,167,20,48,77,0,125,1500,"旅行の準備チェックリスト"
278,"D","camping-checklist","キャンプ持ち物リスト","Lifestyle","log",37,167,20,48,77,0,125,1500,"キャンプに必要な持ち物リスト"
279,"D","dog-walk-log","散歩記録","Lifestyle","log",37,167,20,48,77,0,125,1500,"犬の散歩時間・距離を記録"
280,"D","aquarium-log","アクアリウム記録","Lifestyle","log",37,167,20,48,77,0,125,1500,"水槽の水質・メンテナンスを記録"
281,"D","bird-watching-log","野鳥観察記録","Lifestyle","log",37,167,20,48,77,0,125,1500,"観察した野鳥の種類・場所を記録"
282,"D","fuel-log","給油記録","Utility","log",37,167,20,48,77,0,125,1500,"給油量・金額・燃費を記録"
283,"D","fishing-log","釣り記録","Sports","log",32,144,18,43,69,0,112,1344,"釣果・場所・天気を記録"
284,"D","guitar-practice-log","ギター練習記録","Music","log",32,144,18,43,69,0,112,1344,"ギター練習の時間・曲目を記録"
285,"D","piano-practice-log","ピアノ練習記録","Music","log",32,144,18,43,69,0,112,1344,"ピアノの練習時間と曲目を記録"
286,"D","golf-score","ゴルフスコア","Sports","log",32,144,18,43,69,0,112,1344,"ゴルフのスコアをホール別に記録"
287,"D","bowling-score","ボウリングスコア","Sports","log",32,144,18,43,69,0,112,1344,"ボウリングのスコアを記録・平均計算"
288,"D","basketball-stats","バスケ統計","Sports","log",32,144,18,43,69,0,112,1344,"バスケの得点・リバウンド・アシストを記録"
289,"D","swimming-log","水泳記録","Sports","log",32,144,18,43,69,0,112,1344,"水泳の距離・タイム・ストロークを記録"
290,"D","cycling-log","サイクリング記録","Sports","log",32,144,18,43,69,0,112,1344,"サイクリングの距離・時間・速度を記録"
291,"D","hiking-log","登山記録","Sports","log",32,144,18,43,69,0,112,1344,"登山・ハイキングのルートと記録"
292,"D","outfit-diary","コーディネート日記","Fashion","log",32,144,18,43,69,0,112,1344,"毎日のコーディネートを写真で記録"
293,"D","closet-inventory","クローゼット管理","Fashion","log",32,144,18,43,69,0,112,1344,"持っている服を登録・管理"
294,"D","score-keeper","スコアキーパー","Games","counter",41,185,8,6,19,0,25,300,"ボードゲーム・スポーツのスコアを記録"
295,"D","lap-counter","ラップカウンター","Health","counter",45,203,8,6,19,0,25,300,"周回数をカウント（プール、ランニング）"
296,"D","blood-pressure-log","血圧記録","Health","counter",45,203,8,6,19,0,25,300,"血圧と脈拍を記録・グラフ表示"
297,"D","step-counter","歩数カウンター","Health","counter",45,203,8,6,19,0,25,300,"日々の歩数を記録・目標設定"
298,"D","dice-roller","サイコロ","Games","counter",41,185,8,6,19,0,25,300,"様々な面数のサイコロを振る"
299,"D","push-up-counter","腕立て伏せカウンター","Health","counter",45,203,8,6,19,0,25,300,"腕立て伏せの回数をカウント・記録"
300,"D","squat-counter","スクワットカウンター","Health","counter",45,203,8,6,19,0,25,300,"スクワットの回数をカウント・記録"
301,"D","sit-up-counter","腹筋カウンター","Health","counter",45,203,8,6,19,0,25,300,"腹筋の回数をカウント・記録"
302,"D","gratitude-counter","感謝カウンター","Health","counter",45,203,8,6,19,0,25,300,"毎日の感謝の数をカウント"
303,"D","tally-counter","タリーカウンター","Utility","counter",28,126,5,4,12,0,16,192,"タップで数を数えるシンプルカウンター"
304,"D","pitch-counter","球数カウンター","Sports","counter",24,108,5,4,12,0,16,192,"野球の投球数・ストライク・ボールを記録"
305,"D","knitting-counter","編み物カウンター","Utility","counter",28,126,5,4,12,0,16,192,"編み目・段数をカウント"
306,"D","prayer-counter","念仏カウンター","Lifestyle","counter",28,126,5,4,12,0,16,192,"念仏・お経の回数をカウント"
307,"D","multi-counter","マルチカウンター","Utility","counter",28,126,5,4,12,0,16,192,"複数のカウンターを同時に管理"
308,"D","bpm-counter","BPMカウンター","Music","counter",24,108,5,4,12,0,16,192,"タップしてBPM（テンポ）を計測"
309,"D","decibel-meter","騒音計","Utility","counter",28,126,5,4,12,0,16,192,"周囲の音量をデシベルで計測"
310,"D","character-counter","文字数カウンター","Utility","counter",28,126,5,4,12,0,16,192,"テキストの文字数・単語数をカウント"
311,"D","word-counter","単語カウンター","Utility","counter",28,126,5,4,12,0,16,192,"英文の単語数と読了時間を計算"
312,"D","tennis-score","テニススコア","Sports","counter",24,108,5,4,12,0,16,192,"テニスのスコアを簡単記録"
313,"D","darts-score","ダーツスコア","Sports","counter",24,108,5,4,12,0,16,192,"ダーツの501/301スコアを計算"
314,"D","badminton-score","バドミントンスコア","Sports","counter",24,108,5,4,12,0,16,192,"バドミントンのスコアを記録"
315,"D","spirit-level","水平器","Utility","counter",28,126,5,4,12,0,16,192,"スマホを使った水平器・傾斜計"
316,"D","days-since","経過日数カウント","Utility","counter",28,126,5,4,12,0,16,192,"記念日・イベントからの経過日数を表示"
317,"D","anniversary-counter","記念日カウンター","Lifestyle","counter",28,126,5,4,12,0,16,192,"カップルの記念日をカウント"
318,"D","retirement-countdown","定年カウントダウン","Lifestyle","counter",28,126,5,4,12,0,16,192,"定年退職までのカウントダウン"
319,"D","pet-birthday","ペット誕生日","Lifestyle","counter",28,126,5,4,12,0,16,192,"ペットの誕生日カウントダウン"
320,"D","bmi-calculator","BMI計算機","Health","calculator",108,486,7,2,10,0,12,144,"身長と体重からBMIと適正体重を計算"
321,"D","tax-calculator","消費税計算機","Finance","calculator",83,374,6,1,9,0,10,120,"税込・税抜価格を瞬時に計算（8%・10%対応）"
322,"D","calorie-calculator","カロリー計算機","Health","calculator",90,405,6,1,9,0,10,120,"基礎代謝量と1日の必要カロリーを計算"
323,"D","loan-calculator","ローン計算機","Finance","calculator",77,347,5,1,7,0,8,96,"住宅ローン・自動車ローンの返済額を計算"
324,"D","salary-calculator","給料計算機","Finance","calculator",77,347,5,1,7,0,8,96,"額面から手取り、社会保険料、税金を計算"
325,"D","furusato-nozei-calc","ふるさと納税計算","Finance","calculator",77,347,5,1,7,0,8,96,"年収からふるさと納税の上限額を計算"
326,"D","pension-calculator","年金計算機","Finance","calculator",55,248,4,1,6,0,7,84,"将来の年金受給額を試算"
327,"D","mortgage-calculator","住宅ローン計算機","Finance","calculator",55,248,4,1,6,0,7,84,"住宅ローンの月々返済額と総支払額を計算"
328,"D","compound-interest-calc","複利計算機","Finance","calculator",55,248,4,1,6,0,7,84,"複利での資産増加をシミュレーション"
329,"D","pregnancy-calculator","出産予定日計算","Health","calculator",60,270,4,1,6,0,7,84,"最終月経日から出産予定日を計算"
330,"D","gpa-calculator","GPA計算機","Education","calculator",64,288,4,1,6,0,7,84,"成績からGPAを計算"
331,"D","matrix-calculator","行列計算機","Education","calculator",64,288,4,1,6,0,7,84,"行列の積・逆行列・行列式を計算"
332,"D","statistics-calculator","統計計算機","Education","calculator",64,288,4,1,6,0,7,84,"平均・分散・標準偏差・中央値を計算"
333,"D","investment-return-calc","投資利回り計算","Finance","calculator",55,248,4,1,6,0,7,84,"積立投資のリターンをシミュレーション"
334,"D","body-fat-calculator","体脂肪率計算","Health","calculator",60,270,4,1,6,0,7,84,"身体データから体脂肪率を推定"
335,"D","macro-calculator","マクロ計算機","Health","calculator",60,270,4,1,6,0,7,84,"たんぱく質・脂質・炭水化物のPFCバランスを計算"
336,"D","one-rep-max-calc","1RM計算機","Health","calculator",60,270,4,1,6,0,7,84,"重量と回数から1RM（最大挙上重量）を計算"
337,"D","pace-calculator","ペース計算機","Health","calculator",60,270,4,1,6,0,7,84,"ランニングのペース・タイム・距離を計算"
338,"D","ideal-weight-calc","適正体重計算","Health","calculator",60,270,4,1,6,0,7,84,"身長・年齢から適正体重を計算"
339,"D","waist-hip-ratio","WHR計算機","Health","calculator",60,270,4,1,6,0,7,84,"ウエスト・ヒップ比で健康リスクを判定"
340,"D","target-heart-rate","目標心拍数計算","Health","calculator",60,270,4,1,6,0,7,84,"年齢から運動時の目標心拍数ゾーンを計算"
341,"D","vo2max-calculator","VO2max推定","Health","calculator",60,270,4,1,6,0,7,84,"心拍数データからVO2maxを推定"
342,"D","tdee-calculator","TDEE計算機","Health","calculator",60,270,4,1,6,0,7,84,"1日の総消費カロリー(TDEE)を計算"
343,"D","sleep-debt-calc","睡眠負債計算","Health","calculator",60,270,4,1,6,0,7,84,"理想と実際の睡眠時間の差を計算"
344,"D","sleep-calculator","睡眠計算機","Health","calculator",60,270,4,1,6,0,7,84,"就寝・起床の最適時刻を睡眠サイクルから計算"
345,"D","expense-ratio-calc","生活費比率計算","Finance","calculator",55,248,4,1,6,0,7,84,"収入に対する生活費の理想比率を計算"
346,"D","rent-vs-buy-calc","賃貸vs購入計算","Finance","calculator",55,248,4,1,6,0,7,84,"賃貸と購入どちらが得か試算"
347,"D","net-worth-calc","純資産計算","Finance","calculator",55,248,4,1,6,0,7,84,"資産と負債から純資産を計算"
348,"D","fire-calc","FIRE計算機","Finance","calculator",55,248,4,1,6,0,7,84,"経済的自立（FIRE）達成までの年数を計算"
349,"D","tax-deduction-calc","確定申告控除計算","Finance","calculator",55,248,4,1,6,0,7,84,"ふるさと納税・医療費等の控除額を計算"
350,"D","social-insurance-calc","社会保険料計算","Finance","calculator",55,248,4,1,6,0,7,84,"給与から社会保険料を計算"
351,"D","inheritance-tax-calc","相続税計算","Finance","calculator",55,248,4,1,6,0,7,84,"遺産額から相続税の概算を計算"
352,"D","bmi-for-kids","子供BMI計算","Health","calculator",60,270,4,1,6,0,7,84,"子供の年齢に合わせたBMIパーセンタイル"
353,"D","tip-calculator","チップ計算機","Utility","calculator",37,167,3,1,4,0,5,60,"チップ金額と割り勘を簡単計算"
354,"D","age-calculator","年齢計算機","Utility","calculator",37,167,3,1,4,0,5,60,"生年月日から正確な年齢・日数を計算"
355,"D","date-calculator","日数計算機","Utility","calculator",37,167,3,1,4,0,5,60,"2つの日付間の日数・営業日を計算"
356,"D","percentage-calculator","パーセント計算機","Utility","calculator",37,167,3,1,4,0,5,60,"割合・割引・増減のパーセント計算"
357,"D","discount-calculator","割引計算機","Shopping","calculator",41,185,3,1,4,0,5,60,"割引率から最終価格を瞬時に計算"
358,"D","warikan-calculator","割り勘計算機","Utility","calculator",48,216,3,1,4,0,5,60,"飲み会・食事の割り勘を人数別に計算"
359,"D","electricity-cost-calc","電気代計算機","Utility","calculator",37,167,3,1,4,0,5,60,"家電の消費電力から月々の電気代を計算"
360,"D","scientific-calculator","関数電卓","Utility","calculator",37,167,3,1,4,0,5,60,"三角関数・対数・累乗等の関数計算"
361,"D","concrete-calculator","コンクリート計算","Utility","calculator",37,167,3,1,4,0,5,60,"コンクリートの必要量と材料配合を計算"
362,"D","paint-calculator","ペンキ量計算","Utility","calculator",37,167,3,1,4,0,5,60,"部屋の壁面積から必要なペンキ量を計算"
363,"D","fabric-calculator","生地量計算","Utility","calculator",37,167,3,1,4,0,5,60,"裁縫に必要な生地の量を計算"
364,"D","dog-age-calculator","犬の年齢計算","Utility","calculator",37,167,3,1,4,0,5,60,"犬の年齢を人間年齢に換算"
365,"D","cat-age-calculator","猫の年齢計算","Utility","calculator",37,167,3,1,4,0,5,60,"猫の年齢を人間年齢に換算"
366,"D","aspect-ratio-calc","アスペクト比計算","Utility","calculator",37,167,3,1,4,0,5,60,"画像・動画のアスペクト比とリサイズ計算"
367,"D","subnet-calculator","サブネット計算機","Utility","calculator",37,167,3,1,4,0,5,60,"IPアドレスのサブネット計算"
368,"D","hex-calculator","16進電卓","Utility","calculator",37,167,3,1,4,0,5,60,"16進数の四則演算とビット演算"
369,"D","password-generator","パスワード生成","Utility","generator",36,162,3,1,4,0,5,60,"安全なパスワードをランダム生成"
370,"D","random-number","乱数ジェネレーター","Utility","generator",28,126,3,1,4,0,5,60,"範囲を指定してランダムな数を生成"
371,"D","team-divider","チーム分け","Utility","generator",28,126,3,1,4,0,5,60,"メンバーをランダムにチーム分け"
372,"D","lottery-picker","くじ引きアプリ","Entertainment","generator",38,171,3,1,4,0,5,60,"抽選・くじ引き・あみだくじ"
373,"D","baby-name-generator","赤ちゃん名前候補","Lifestyle","generator",28,126,3,1,4,0,5,60,"画数・読みから赤ちゃんの名前を提案"
374,"D","color-generator","カラー生成","Utility","generator",28,126,3,1,4,0,5,60,"ランダムなカラーパレットを生成"
375,"D","meal-decider","今日のごはん決め","Food & Drink","generator",40,180,3,1,4,0,5,60,"今日のメニューをランダムに決定"
376,"D","roulette-app","ルーレット","Entertainment","generator",49,221,3,1,4,0,5,60,"項目を入力してルーレットで決定"
377,"D","yes-no-decider","YES/NO決定機","Utility","generator",28,126,3,1,4,0,5,60,"迷った時のYES/NOランダム決定"
378,"D","qr-generator","QRコード生成","Utility","generator",39,176,3,1,4,0,5,60,"テキスト・URL・連絡先のQRコード生成"
379,"D","nickname-generator","ニックネーム生成","Entertainment","generator",38,171,3,1,4,0,5,60,"ゲーム・SNS用のニックネームを生成"
380,"D","excuse-generator","言い訳ジェネレーター","Entertainment","generator",38,171,3,1,4,0,5,60,"ユーモアのある言い訳をランダム生成"
381,"D","truth-or-dare","トゥルースオアデア","Entertainment","generator",38,171,3,1,4,0,5,60,"パーティーゲーム「真実か挑戦か」"
382,"D","would-you-rather","究極の選択","Entertainment","generator",38,171,3,1,4,0,5,60,"二択の究極の選択ゲーム"
383,"D","affirmation-generator","アファメーション","Health","generator",45,203,3,1,4,0,5,60,"毎日のポジティブなアファメーションを表示"
384,"D","hash-generator","ハッシュ生成","Utility","generator",28,126,3,1,4,0,5,60,"MD5/SHA-1/SHA-256等のハッシュを生成"
385,"D","lorem-ipsum","ダミーテキスト生成","Utility","generator",28,126,3,1,4,0,5,60,"デザイン用のダミーテキストを生成"
386,"D","coin-toss","コイントス","Sports","generator",24,108,3,1,4,0,5,60,"コイントスで表裏をランダム決定"
387,"D","wallpaper-calc","壁紙量計算","Utility","calculator",37,167,3,1,4,0,5,60,"部屋の面積から必要な壁紙量を計算"
388,"D","tile-calculator","タイル量計算","Utility","calculator",37,167,3,1,4,0,5,60,"床面積から必要なタイル枚数を計算"
389,"D","flight-time-calc","フライト時間計算","Travel","calculator",32,144,3,1,4,0,5,60,"都市間のフライト時間を計算"
390,"D","jet-lag-calc","時差ボケ計算","Travel","calculator",32,144,3,1,4,0,5,60,"時差ボケの回復スケジュールを計算"
391,"D","suitcase-weight","スーツケース重量計算","Travel","calculator",32,144,3,1,4,0,5,60,"手荷物の重量制限をチェック"
392,"D","recipe-converter","レシピ分量変換","Food & Drink","calculator",41,185,3,1,4,0,5,60,"レシピの人数に合わせて分量を自動変換"
393,"D","baking-calc","パン・お菓子計算機","Food & Drink","calculator",41,185,3,1,4,0,5,60,"ベーカーズパーセントから分量を計算"
394,"D","coffee-ratio-calc","コーヒー比率計算","Food & Drink","calculator",41,185,3,1,4,0,5,60,"豆の量と水量の比率を計算"
395,"D","pet-food-calc","ペットフード量計算","Lifestyle","calculator",37,167,3,1,4,0,5,60,"体重に合わせたフード給餌量を計算"
396,"D","quote-of-day","今日の名言","Lifestyle","generator",28,126,3,1,4,0,5,60,"毎日の名言・格言をランダム表示"
397,"D","roof-pitch-calc","屋根勾配計算","Utility","calculator",37,167,3,1,4,0,5,60,"屋根の角度と面積を計算"
398,"D","photo-print-size","写真印刷サイズ計算","Utility","calculator",37,167,3,1,4,0,5,60,"画像解像度から適切な印刷サイズを計算"
399,"D","username-generator","ユーザー名生成","Utility","generator",28,126,3,1,4,0,5,60,"SNS・ゲーム用のユニークなユーザー名を生成"
400,"D","uuid-generator","UUID生成","Utility","generator",28,126,3,1,4,0,5,60,"UUID v4をワンタップで生成・コピー"
401,"D","rokuyo-calendar","六曜カレンダー","Utility","reference",36,162,3,2,2,0,4,48,"大安・仏滅・友引等の六曜を確認"
402,"D","nenrei-hayami","年齢早見表","Utility","reference",28,126,3,2,2,0,4,48,"生まれ年から年齢・干支・学年を一覧表示"
403,"D","eto-calculator","干支計算","Utility","reference",28,126,3,2,2,0,4,48,"十二支・十干を確認する干支計算"
404,"D","keigo-guide","敬語ガイド","Education","reference",48,216,3,2,2,0,4,48,"ビジネス敬語の正しい使い方辞典"
405,"D","kankon-sosai","冠婚葬祭マナー","Lifestyle","reference",28,126,3,2,2,0,4,48,"結婚式・葬儀・お祝いのマナー辞典"
406,"D","noshi-guide","のし袋の書き方","Lifestyle","reference",28,126,3,2,2,0,4,48,"のし袋の表書き・金額の書き方ガイド"
407,"D","kanji-stroke-order","漢字筆順辞典","Education","reference",48,216,3,2,2,0,4,48,"漢字の正しい筆順をアニメーションで表示"
408,"D","yojijukugo-dict","四字熟語辞典","Education","reference",48,216,3,2,2,0,4,48,"四字熟語の意味・由来・使い方を検索"
409,"D","kotowaza-dict","ことわざ辞典","Education","reference",48,216,3,2,2,0,4,48,"日本語のことわざ・慣用句を検索"
410,"D","hyakunin-isshu","百人一首","Education","reference",48,216,3,2,2,0,4,48,"百人一首の全100首を鑑賞・暗記"
411,"D","color-palette","カラーパレット","Utility","reference",28,126,3,2,2,0,4,48,"和色・Webカラーのカラーパレット辞典"
412,"D","ascii-table","ASCII表","Utility","reference",28,126,3,2,2,0,4,48,"ASCII/Unicodeコード表の参照ツール"
413,"D","periodic-table","元素周期表","Education","reference",48,216,3,2,2,0,4,48,"元素の詳細情報付き周期表"
414,"D","morse-code","モールス信号","Education","reference",48,216,3,2,2,0,4,48,"モールス信号の変換と学習"
415,"D","world-holidays","世界の祝日","Utility","reference",28,126,3,2,2,0,4,48,"各国の祝日・記念日カレンダー"
416,"D","blood-type-guide","血液型ガイド","Lifestyle","reference",28,126,3,2,2,0,4,48,"血液型別の性格・相性診断"
417,"D","hanakotoba","花言葉辞典","Lifestyle","reference",28,126,3,2,2,0,4,48,"花言葉・誕生花を検索"
418,"D","birthstone-guide","誕生石ガイド","Lifestyle","reference",28,126,3,2,2,0,4,48,"月ごとの誕生石とその意味"
419,"D","constellation-guide","星座ガイド","Education","reference",48,216,3,2,2,0,4,48,"88星座の解説と見つけ方"
420,"D","first-aid-guide","応急処置ガイド","Health","reference",45,203,3,2,2,0,4,48,"緊急時の応急処置方法を解説"
421,"D","yoga-poses","ヨガポーズ集","Health","reference",45,203,3,2,2,0,4,48,"ヨガの基本ポーズを解説・図解"
422,"D","chord-finder","コード検索","Music","reference",24,108,3,2,2,0,4,48,"ギター・ピアノのコード表を検索"
423,"D","scale-reference","スケール辞典","Music","reference",24,108,3,2,2,0,4,48,"音楽のスケール（音階）辞典"
424,"D","key-signature-ref","調号辞典","Music","reference",24,108,3,2,2,0,4,48,"調号と対応するスケール・コードの辞典"
425,"D","markdown-preview","Markdownプレビュー","Utility","reference",28,126,3,2,2,0,4,48,"Markdownテキストをリアルタイムプレビュー"
426,"D","regex-tester","正規表現テスター","Utility","reference",28,126,3,2,2,0,4,48,"正規表現をテスト・マッチ結果を表示"
427,"D","json-formatter","JSONフォーマッター","Utility","reference",28,126,3,2,2,0,4,48,"JSONデータを整形・バリデーション"
428,"D","ip-address-lookup","IPアドレス確認","Utility","reference",28,126,3,2,2,0,4,48,"自分のIPアドレスと位置情報を確認"
429,"D","math-formula-ref","数学公式集","Education","reference",48,216,3,2,2,0,4,48,"中学・高校の数学公式を一覧"
430,"D","physics-formula-ref","物理公式集","Education","reference",48,216,3,2,2,0,4,48,"物理の基本公式を一覧"
431,"D","history-timeline","歴史年表","Education","reference",48,216,3,2,2,0,4,48,"日本史・世界史の重要年号を一覧"
432,"D","soccer-formation","サッカーフォーメーション","Sports","reference",24,108,3,2,2,0,4,48,"サッカーのフォーメーションを作成・共有"
433,"D","garbage-calendar","ゴミ出しカレンダー","Lifestyle","reference",28,126,3,2,2,0,4,48,"ゴミ収集日のリマインダー"
434,"D","vaccine-schedule","予防接種スケジュール","Health","reference",45,203,3,2,2,0,4,48,"子供の予防接種スケジュールを管理"
435,"D","ring-size-chart","リングサイズ表","Utility","reference",28,126,3,2,2,0,4,48,"日本・US・UK等のリングサイズ対照表"
436,"D","face-shape-guide","顔型診断","Beauty","reference",31,140,3,2,2,0,4,48,"顔型に合うヘアスタイル・メガネを提案"
437,"D","disaster-prep-list","防災チェックリスト","Lifestyle","reference",28,126,3,2,2,0,4,48,"地震・台風に備える防災グッズチェックリスト"
438,"D","world-clock","世界時計","Utility","reference",28,126,3,2,2,0,4,48,"世界各都市の現在時刻を一覧表示"
439,"D","analog-clock","アナログ時計","Utility","reference",28,126,3,2,2,0,4,48,"美しいアナログ時計の表示"
440,"D","flip-clock","フリップクロック","Utility","reference",28,126,3,2,2,0,4,48,"レトロなフリップ式の時計表示"
441,"D","night-clock","ナイトクロック","Utility","reference",28,126,3,2,2,0,4,48,"暗い部屋でも見やすい夜用時計"
442,"D","sunrise-sunset","日の出日の入り","Utility","reference",28,126,3,2,2,0,4,48,"日の出・日の入り時刻を確認"
443,"D","moon-phase","月齢カレンダー","Utility","reference",28,126,3,2,2,0,4,48,"月の満ち欠け・月齢を確認"
444,"D","zodiac-calendar","二十四節気カレンダー","Lifestyle","reference",28,126,3,2,2,0,4,48,"二十四節気と七十二候を確認"
445,"D","travel-phrase-en","旅行英会話","Travel","reference",24,108,3,2,2,0,4,48,"海外旅行で使える英語フレーズ集"
446,"D","travel-phrase-cn","旅行中国語","Travel","reference",24,108,3,2,2,0,4,48,"中国旅行で使えるフレーズ集"
447,"D","travel-phrase-kr","旅行韓国語","Travel","reference",24,108,3,2,2,0,4,48,"韓国旅行で使えるフレーズ集"
448,"D","voltage-guide","電圧・プラグガイド","Travel","reference",24,108,3,2,2,0,4,48,"各国の電圧・コンセント形状を確認"
449,"D","country-info","国情報ガイド","Travel","reference",24,108,3,2,2,0,4,48,"各国の基本情報・ビザ・通貨を確認"
450,"D","tipping-guide","チップガイド","Travel","reference",24,108,3,2,2,0,4,48,"各国のチップ文化とマナーを確認"
451,"D","sushi-guide","寿司ネタ図鑑","Food & Drink","reference",31,140,3,2,2,0,4,48,"寿司ネタの旬・栄養・英語名を辞典"
452,"D","tea-guide","お茶辞典","Food & Drink","reference",31,140,3,2,2,0,4,48,"日本茶・中国茶・紅茶の種類と淹れ方"
453,"D","calorie-lookup","カロリー辞典","Health","reference",45,203,3,2,2,0,4,48,"食品のカロリー・栄養素を検索"
454,"D","manyo-hyakusen","万葉集百選","Education","reference",48,216,3,2,2,0,4,48,"万葉集の名歌100首を鑑賞"
455,"D","haiku-guide","俳句入門","Education","reference",48,216,3,2,2,0,4,48,"俳句の基本ルールと季語辞典"
456,"D","nihongo-accent","日本語アクセント辞典","Education","reference",48,216,3,2,2,0,4,48,"日本語の正しいアクセントを確認"
457,"D","kisetsu-no-kotoba","季節のことば","Lifestyle","reference",28,126,3,2,2,0,4,48,"四季の美しい日本語表現を紹介"
458,"D","tegami-template","手紙の書き方","Lifestyle","reference",28,126,3,2,2,0,4,48,"手紙の時候の挨拶・書き方テンプレート"
459,"D","japanese-manners","日本のマナー","Lifestyle","reference",28,126,3,2,2,0,4,48,"食事・ビジネス・日常のマナーガイド"
460,"D","knot-guide","結び方辞典","Utility","reference",28,126,3,2,2,0,4,48,"ロープ・ネクタイ・靴紐の結び方図解"
461,"D","stain-removal","シミ抜きガイド","Lifestyle","reference",28,126,3,2,2,0,4,48,"素材別・汚れ別のシミ抜き方法を解説"
462,"D","measurement-guide","計測単位ガイド","Utility","reference",28,126,3,2,2,0,4,48,"各種計測単位の一覧と早見表"
463,"D","length-converter","長さ変換","Utility","converter",28,126,3,0,1,0,1,12,"メートル、フィート、インチ、マイル等の長さ単位を変換"
464,"D","weight-converter","重さ変換","Utility","converter",28,126,3,0,1,0,1,12,"キログラム、ポンド、オンス等の重さ単位を変換"
465,"D","temperature-converter","温度変換","Utility","converter",28,126,3,0,1,0,1,12,"摂氏、華氏、ケルビンの温度を変換"
466,"D","area-converter","面積変換","Utility","converter",28,126,3,0,1,0,1,12,"平方メートル、坪、エーカー等の面積を変換"
467,"D","volume-converter","体積変換","Utility","converter",28,126,3,0,1,0,1,12,"リットル、ガロン、cc等の体積を変換"
468,"D","speed-converter","速度変換","Utility","converter",28,126,3,0,1,0,1,12,"km/h、mph、m/s、ノット等の速度を変換"
469,"D","data-converter","データ容量変換","Utility","converter",28,126,3,0,1,0,1,12,"バイト、KB、MB、GB、TBのデータサイズを変換"
470,"D","time-converter","時間変換","Utility","converter",28,126,3,0,1,0,1,12,"秒、分、時間、日、週、月、年を相互変換"
471,"D","pressure-converter","気圧変換","Utility","converter",28,126,3,0,1,0,1,12,"hPa、atm、psi、mmHg等の気圧を変換"
472,"D","energy-converter","エネルギー変換","Utility","converter",28,126,3,0,1,0,1,12,"カロリー、ジュール、kWh等のエネルギーを変換"
473,"D","power-converter","電力変換","Utility","converter",28,126,3,0,1,0,1,12,"ワット、馬力、kW等の電力単位を変換"
474,"D","fuel-converter","燃費変換","Utility","converter",28,126,3,0,1,0,1,12,"km/L、MPG、L/100km等の燃費を変換"
475,"D","angle-converter","角度変換","Utility","converter",28,126,3,0,1,0,1,12,"度、ラジアン、グラジアンの角度を変換"
476,"D","cooking-converter","料理単位変換","Food & Drink","converter",31,140,3,0,1,0,1,12,"カップ、大さじ、小さじ、ml、gの料理用単位を変換"
477,"D","shoe-size-converter","靴サイズ変換","Utility","converter",28,126,3,0,1,0,1,12,"日本、US、UK、EU等の靴サイズを変換"
478,"D","clothing-size-converter","服サイズ変換","Utility","converter",28,126,3,0,1,0,1,12,"日本、US、UK、EU等の服サイズを変換"
479,"D","number-base-converter","進数変換","Utility","converter",28,126,3,0,1,0,1,12,"2進数、8進数、10進数、16進数を相互変換"
480,"D","color-code-converter","カラーコード変換","Utility","converter",28,126,3,0,1,0,1,12,"HEX、RGB、HSL、CMYKのカラーコードを変換"
481,"D","timezone-converter","時差計算","Utility","converter",28,126,3,0,1,0,1,12,"世界各地のタイムゾーンを変換・比較"
482,"D","currency-converter","通貨変換","Finance","converter",41,185,3,0,1,0,1,12,"主要通貨のリアルタイムレート変換"
483,"D","tsubo-meter-converter","坪・平米変換","Utility","converter",28,126,3,0,1,0,1,12,"坪、平米、畳の不動産面積を変換"
484,"D","wareki-converter","和暦西暦変換","Utility","converter",28,126,3,0,1,0,1,12,"令和・平成・昭和・大正・明治と西暦を相互変換"
485,"D","frequency-converter","周波数変換","Utility","converter",28,126,3,0,1,0,1,12,"Hz、kHz、MHz、GHz等の周波数を変換"
486,"D","density-converter","密度変換","Utility","converter",28,126,3,0,1,0,1,12,"kg/m³、g/cm³、lb/ft³等の密度を変換"
487,"D","force-converter","力の変換","Utility","converter",28,126,3,0,1,0,1,12,"ニュートン、kgf、ポンドフォース等を変換"
488,"D","torque-converter","トルク変換","Utility","converter",28,126,3,0,1,0,1,12,"N·m、kgf·m、ft·lbs等のトルクを変換"
489,"D","flow-rate-converter","流量変換","Utility","converter",28,126,3,0,1,0,1,12,"L/min、m³/h、GPM等の流量を変換"
490,"D","illuminance-converter","照度変換","Utility","converter",28,126,3,0,1,0,1,12,"ルクス、フートカンデラ等の照度を変換"
491,"D","roman-numeral-converter","ローマ数字変換","Utility","converter",28,126,3,0,1,0,1,12,"アラビア数字とローマ数字を相互変換"
492,"D","all-unit-converter","万能単位変換","Utility","converter",28,126,3,0,1,0,1,12,"100種類以上の単位を一つのアプリで変換"
493,"D","base64-encoder","Base64エンコーダー","Utility","converter",28,126,3,0,1,0,1,12,"テキスト・画像のBase64エンコード/デコード"
494,"D","url-encoder","URLエンコーダー","Utility","converter",28,126,3,0,1,0,1,12,"URLのエンコード/デコード変換"
495,"D","kanji-to-hiragana","漢字→ひらがな変換","Education","converter",48,216,3,0,1,0,1,12,"漢字テキストにふりがなを付ける"
496,"D","fullwidth-halfwidth","全角半角変換","Utility","converter",28,126,3,0,1,0,1,12,"全角⇔半角のテキスト変換"
497,"D","timestamp-converter","タイムスタンプ変換","Utility","converter",28,126,3,0,1,0,1,12,"UNIXタイムスタンプと日時を相互変換"
498,"D","paper-size-converter","用紙サイズ変換","Utility","converter",28,126,3,0,1,0,1,12,"A4/B5/Letter等の用紙サイズを確認・変換"
499,"D","wire-gauge-converter","線径変換","Utility","converter",28,126,3,0,1,0,1,12,"AWG/mm等の電線サイズを変換"
500,"D","hardness-converter","硬さ変換","Utility","converter",28,126,3,0,1,0,1,12,"HRC/HV/HB等の硬さ単位を変換"
