id,name,displayName,displayNameEn,template,subTemplate,theme,bundleId,category,targetApp,difficulty,description
1,"length-converter","長さ変換","Length Converter","utility","converter","warm-orange","com.massapp.lengthconverter","Utility","Amount ($1.99)",1,"メートル、フィート、インチ、マイル等の長さ単位を変換"
2,"weight-converter","重さ変換","Weight Converter","utility","converter","monochrome","com.massapp.weightconverter","Utility","Convertible ($2.99)",1,"キログラム、ポンド、オンス等の重さ単位を変換"
3,"temperature-converter","温度変換","Temperature Converter","utility","converter","ocean-blue","com.massapp.temperatureconverter","Utility","Unit converters ($2-5)",1,"摂氏、華氏、ケルビンの温度を変換"
4,"area-converter","面積変換","Area Converter","utility","converter","forest-green","com.massapp.areaconverter","Utility","Unit converters ($2-5)",1,"平方メートル、坪、エーカー等の面積を変換"
5,"volume-converter","体積変換","Volume Converter","utility","converter","sunset-purple","com.massapp.volumeconverter","Utility","Convertible ($2.99)",1,"リットル、ガロン、cc等の体積を変換"
6,"speed-converter","速度変換","Speed Converter","utility","converter","sakura-pink","com.massapp.speedconverter","Utility","Unit converters ($2-5)",1,"km/h、mph、m/s、ノット等の速度を変換"
7,"data-converter","データ容量変換","Data Size Converter","utility","converter","midnight-navy","com.massapp.dataconverter","Utility","Unit converters ($2-5)",1,"バイト、KB、MB、GB、TBのデータサイズを変換"
8,"time-converter","時間変換","Time Converter","utility","converter","earth-brown","com.massapp.timeconverter","Utility","Unit converters ($2-5)",1,"秒、分、時間、日、週、月、年を相互変換"
9,"pressure-converter","気圧変換","Pressure Converter","utility","converter","neon-cyber","com.massapp.pressureconverter","Utility","Unit converters ($2-5)",1,"hPa、atm、psi、mmHg等の気圧を変換"
10,"energy-converter","エネルギー変換","Energy Converter","utility","converter","pastel-dream","com.massapp.energyconverter","Utility","Unit converters ($2-5)",1,"カロリー、ジュール、kWh等のエネルギーを変換"
11,"power-converter","電力変換","Power Converter","utility","converter","mint-fresh","com.massapp.powerconverter","Utility","Unit converters ($2-5)",1,"ワット、馬力、kW等の電力単位を変換"
12,"fuel-converter","燃費変換","Fuel Economy Converter","utility","converter","coral-reef","com.massapp.fuelconverter","Utility","Unit converters ($2-5)",1,"km/L、MPG、L/100km等の燃費を変換"
13,"angle-converter","角度変換","Angle Converter","utility","converter","warm-orange","com.massapp.angleconverter","Utility","Unit converters ($2-5)",1,"度、ラジアン、グラジアンの角度を変換"
14,"cooking-converter","料理単位変換","Cooking Unit Converter","utility","converter","monochrome","com.massapp.cookingconverter","Food & Drink","Paprika ($4.99)",1,"カップ、大さじ、小さじ、ml、gの料理用単位を変換"
15,"shoe-size-converter","靴サイズ変換","Shoe Size Converter","utility","converter","ocean-blue","com.massapp.shoesizeconverter","Utility","Size converters ($1-3)",1,"日本、US、UK、EU等の靴サイズを変換"
16,"clothing-size-converter","服サイズ変換","Clothing Size Converter","utility","converter","forest-green","com.massapp.clothingsizeconverter","Utility","Size converters ($1-3)",1,"日本、US、UK、EU等の服サイズを変換"
17,"number-base-converter","進数変換","Number Base Converter","utility","converter","sunset-purple","com.massapp.numberbaseconverter","Utility","Programmer calculators ($2-5)",1,"2進数、8進数、10進数、16進数を相互変換"
18,"color-code-converter","カラーコード変換","Color Code Converter","utility","converter","sakura-pink","com.massapp.colorcodeconverter","Utility","Color tools ($1-3)",1,"HEX、RGB、HSL、CMYKのカラーコードを変換"
19,"timezone-converter","時差計算","Time Zone Converter","utility","converter","midnight-navy","com.massapp.timezoneconverter","Utility","World clock apps ($1-3)",1,"世界各地のタイムゾーンを変換・比較"
20,"currency-converter","通貨変換","Currency Converter","utility","converter","earth-brown","com.massapp.currencyconverter","Finance","Currency ($19.99/yr)",2,"主要通貨のリアルタイムレート変換"
21,"tsubo-meter-converter","坪・平米変換","Tsubo Converter","utility","converter","neon-cyber","com.massapp.tsubometerconverter","Utility","Japanese area converters",1,"坪、平米、畳の不動産面積を変換"
22,"wareki-converter","和暦西暦変換","Japanese Era Converter","utility","converter","pastel-dream","com.massapp.warekiconverter","Utility","Japanese era apps (¥100-300)",1,"令和・平成・昭和・大正・明治と西暦を相互変換"
23,"frequency-converter","周波数変換","Frequency Converter","utility","converter","mint-fresh","com.massapp.frequencyconverter","Utility","Unit converters ($2-5)",1,"Hz、kHz、MHz、GHz等の周波数を変換"
24,"density-converter","密度変換","Density Converter","utility","converter","coral-reef","com.massapp.densityconverter","Utility","Unit converters ($2-5)",1,"kg/m³、g/cm³、lb/ft³等の密度を変換"
25,"force-converter","力の変換","Force Converter","utility","converter","warm-orange","com.massapp.forceconverter","Utility","Unit converters ($2-5)",1,"ニュートン、kgf、ポンドフォース等を変換"
26,"torque-converter","トルク変換","Torque Converter","utility","converter","monochrome","com.massapp.torqueconverter","Utility","Convertible ($2.99)",1,"N·m、kgf·m、ft·lbs等のトルクを変換"
27,"flow-rate-converter","流量変換","Flow Rate Converter","utility","converter","ocean-blue","com.massapp.flowrateconverter","Utility","Unit converters ($2-5)",1,"L/min、m³/h、GPM等の流量を変換"
28,"illuminance-converter","照度変換","Illuminance Converter","utility","converter","forest-green","com.massapp.illuminanceconverter","Utility","Unit converters ($2-5)",1,"ルクス、フートカンデラ等の照度を変換"
29,"roman-numeral-converter","ローマ数字変換","Roman Numeral Converter","utility","converter","sunset-purple","com.massapp.romannumeralconverter","Utility","Various converters ($1-2)",1,"アラビア数字とローマ数字を相互変換"
30,"all-unit-converter","万能単位変換","All-in-One Converter","utility","converter","sakura-pink","com.massapp.allunitconverter","Utility","Convertible ($2.99)",2,"100種類以上の単位を一つのアプリで変換"
31,"bmi-calculator","BMI計算機","BMI Calculator","utility","calculator","midnight-navy","com.massapp.bmicalculator","Health","Health calculators ($1-3)",1,"身長と体重からBMIと適正体重を計算"
32,"loan-calculator","ローン計算機","Loan Calculator","utility","calculator","earth-brown","com.massapp.loancalculator","Finance","Karl's Mortgage ($1.99)",1,"住宅ローン・自動車ローンの返済額を計算"
33,"tax-calculator","消費税計算機","Sales Tax Calculator","utility","calculator","neon-cyber","com.massapp.taxcalculator","Finance","Tax calculators (¥100-300)",1,"税込・税抜価格を瞬時に計算（8%・10%対応）"
34,"tip-calculator","チップ計算機","Tip Calculator","utility","calculator","pastel-dream","com.massapp.tipcalculator","Utility","Tip Calculator Gold ($1.99)",1,"チップ金額と割り勘を簡単計算"
35,"age-calculator","年齢計算機","Age Calculator","utility","calculator","mint-fresh","com.massapp.agecalculator","Utility","Age calculators ($1-2)",1,"生年月日から正確な年齢・日数を計算"
36,"date-calculator","日数計算機","Date Calculator","utility","calculator","coral-reef","com.massapp.datecalculator","Utility","Date calculators ($1-3)",1,"2つの日付間の日数・営業日を計算"
37,"percentage-calculator","パーセント計算機","Percentage Calculator","utility","calculator","warm-orange","com.massapp.percentagecalculator","Utility","Various calculators ($1-3)",1,"割合・割引・増減のパーセント計算"
38,"discount-calculator","割引計算機","Discount Calculator","utility","calculator","monochrome","com.massapp.discountcalculator","Shopping","Shopping calculators ($1-2)",1,"割引率から最終価格を瞬時に計算"
39,"warikan-calculator","割り勘計算機","Bill Splitter","utility","calculator","ocean-blue","com.massapp.warikancalculator","Utility","Warikan apps (¥100-300)",1,"飲み会・食事の割り勘を人数別に計算"
40,"salary-calculator","給料計算機","Salary Calculator","utility","calculator","forest-green","com.massapp.salarycalculator","Finance","Salary calculators (¥300-500)",2,"額面から手取り、社会保険料、税金を計算"
41,"pension-calculator","年金計算機","Pension Calculator","utility","calculator","sunset-purple","com.massapp.pensioncalculator","Finance","Pension calculators (¥300-500)",2,"将来の年金受給額を試算"
42,"mortgage-calculator","住宅ローン計算機","Mortgage Calculator","utility","calculator","sakura-pink","com.massapp.mortgagecalculator","Finance","Mortgage Calc Plus ($4.99)",2,"住宅ローンの月々返済額と総支払額を計算"
43,"compound-interest-calc","複利計算機","Compound Interest Calculator","utility","calculator","midnight-navy","com.massapp.compoundinterestcalc","Finance","Financial calculators ($3-15)",1,"複利での資産増加をシミュレーション"
44,"calorie-calculator","カロリー計算機","Calorie Calculator","utility","calculator","earth-brown","com.massapp.caloriecalculator","Health","Health calculators ($1-5)",1,"基礎代謝量と1日の必要カロリーを計算"
45,"pregnancy-calculator","出産予定日計算","Due Date Calculator","utility","calculator","neon-cyber","com.massapp.pregnancycalculator","Health","Pregnancy apps ($2-5)",1,"最終月経日から出産予定日を計算"
46,"gpa-calculator","GPA計算機","GPA Calculator","utility","calculator","pastel-dream","com.massapp.gpacalculator","Education","GPA calculators ($1-3)",1,"成績からGPAを計算"
47,"electricity-cost-calc","電気代計算機","Electricity Cost Calculator","utility","calculator","mint-fresh","com.massapp.electricitycostcalc","Utility","Electricity calculators (¥100-300)",1,"家電の消費電力から月々の電気代を計算"
48,"scientific-calculator","関数電卓","Scientific Calculator","utility","calculator","coral-reef","com.massapp.scientificcalculator","Utility","PCalc ($9.99)",2,"三角関数・対数・累乗等の関数計算"
49,"matrix-calculator","行列計算機","Matrix Calculator","utility","calculator","warm-orange","com.massapp.matrixcalculator","Education","Math calculators ($3-10)",3,"行列の積・逆行列・行列式を計算"
50,"statistics-calculator","統計計算機","Statistics Calculator","utility","calculator","monochrome","com.massapp.statisticscalculator","Education","Soulver 3 ($14-20)",2,"平均・分散・標準偏差・中央値を計算"
51,"concrete-calculator","コンクリート計算","Concrete Calculator","utility","calculator","ocean-blue","com.massapp.concretecalculator","Utility","Construction calculators ($2-5)",1,"コンクリートの必要量と材料配合を計算"
52,"paint-calculator","ペンキ量計算","Paint Calculator","utility","calculator","forest-green","com.massapp.paintcalculator","Utility","Home improvement apps ($1-3)",1,"部屋の壁面積から必要なペンキ量を計算"
53,"fabric-calculator","生地量計算","Fabric Calculator","utility","calculator","sunset-purple","com.massapp.fabriccalculator","Utility","Sewing calculators ($1-3)",1,"裁縫に必要な生地の量を計算"
54,"investment-return-calc","投資利回り計算","Investment Return Calculator","utility","calculator","sakura-pink","com.massapp.investmentreturncalc","Finance","Financial calculators ($3-15)",2,"積立投資のリターンをシミュレーション"
55,"body-fat-calculator","体脂肪率計算","Body Fat Calculator","utility","calculator","midnight-navy","com.massapp.bodyfatcalculator","Health","Health calculators ($1-5)",1,"身体データから体脂肪率を推定"
56,"dog-age-calculator","犬の年齢計算","Dog Age Calculator","utility","calculator","earth-brown","com.massapp.dogagecalculator","Utility","Pet apps ($1-3)",1,"犬の年齢を人間年齢に換算"
57,"cat-age-calculator","猫の年齢計算","Cat Age Calculator","utility","calculator","neon-cyber","com.massapp.catagecalculator","Utility","Pet apps ($1-3)",1,"猫の年齢を人間年齢に換算"
58,"aspect-ratio-calc","アスペクト比計算","Aspect Ratio Calculator","utility","calculator","pastel-dream","com.massapp.aspectratiocalc","Utility","Design tools ($1-3)",1,"画像・動画のアスペクト比とリサイズ計算"
59,"subnet-calculator","サブネット計算機","Subnet Calculator","utility","calculator","mint-fresh","com.massapp.subnetcalculator","Utility","Network tools ($2-5)",2,"IPアドレスのサブネット計算"
60,"hex-calculator","16進電卓","Hex Calculator","utility","calculator","coral-reef","com.massapp.hexcalculator","Utility","Programmer calculators ($2-5)",2,"16進数の四則演算とビット演算"
61,"pomodoro-timer","ポモドーロタイマー","Pomodoro Timer","utility","timer","warm-orange","com.massapp.pomodorotimer","Productivity","Forest ($3.99)",1,"25分集中+5分休憩のポモドーロテクニック"
62,"hiit-timer","HIITタイマー","HIIT Timer","utility","timer","monochrome","com.massapp.hiittimer","Health","Interval Timer ($2-5)",1,"高強度インターバルトレーニング用タイマー"
63,"cooking-timer","クッキングタイマー","Cooking Timer","utility","timer","ocean-blue","com.massapp.cookingtimer","Food & Drink","Kitchen Timer ($1-3)",1,"複数の料理を同時にタイマー管理"
64,"meditation-timer","瞑想タイマー","Meditation Timer","utility","timer","forest-green","com.massapp.meditationtimer","Health","Meditation apps ($5-15/mo)",1,"ベル音付きの瞑想・マインドフルネスタイマー"
65,"study-timer","勉強タイマー","Study Timer","utility","timer","sunset-purple","com.massapp.studytimer","Education","Forest ($3.99)",1,"集中時間を記録する勉強専用タイマー"
66,"tabata-timer","タバタタイマー","Tabata Timer","utility","timer","sakura-pink","com.massapp.tabatatimer","Health","Tabata Timer ($2-5)",1,"20秒運動+10秒休憩のタバタ式タイマー"
67,"chess-clock","チェスクロック","Chess Clock","utility","timer","midnight-navy","com.massapp.chessclock","Games","Chess Clock ($1-3)",1,"対戦ゲーム用の2人対局タイマー"
68,"presentation-timer","プレゼンタイマー","Presentation Timer","utility","timer","earth-brown","com.massapp.presentationtimer","Productivity","Presentation Timer ($1-3)",1,"プレゼン用の大画面カウントダウン"
69,"brushing-timer","歯磨きタイマー","Tooth Brushing Timer","utility","timer","neon-cyber","com.massapp.brushingtimer","Health","Brushing timers ($1-2)",1,"子供も楽しめる歯磨き2分タイマー"
70,"egg-timer","ゆでたまごタイマー","Egg Timer","utility","timer","pastel-dream","com.massapp.eggtimer","Food & Drink","Egg Timer ($0.99)",1,"半熟・固ゆでを選んでタイマー開始"
71,"plank-timer","プランクタイマー","Plank Timer","utility","timer","mint-fresh","com.massapp.planktimer","Health","Fitness timers ($1-3)",1,"プランクチャレンジ用のタイマー"
72,"nap-timer","昼寝タイマー","Nap Timer","utility","timer","coral-reef","com.massapp.naptimer","Health","Sleep apps ($1-5)",1,"15/20/30分の昼寝用アラームタイマー"
73,"tea-timer","お茶タイマー","Tea Timer","utility","timer","warm-orange","com.massapp.teatimer","Food & Drink","Tea Timer ($0.99-2)",1,"茶葉の種類に合わせた蒸らし時間タイマー"
74,"stopwatch-pro","ストップウォッチ","Stopwatch Pro","utility","timer","monochrome","com.massapp.stopwatchpro","Utility","Stopwatch apps ($1-3)",1,"ラップタイム付きの高精度ストップウォッチ"
75,"countdown-widget","カウントダウン","Event Countdown","utility","timer","ocean-blue","com.massapp.countdownwidget","Utility","TheDayBefore ($2.99-4.99)",1,"イベントまでのカウントダウンを表示"
76,"interval-timer","インターバルタイマー","Interval Timer","utility","timer","forest-green","com.massapp.intervaltimer","Health","Interval timers ($2-5)",1,"運動と休憩の繰り返しタイマー"
77,"focus-timer","集中タイマー","Focus Timer","utility","timer","sunset-purple","com.massapp.focustimer","Productivity","Forest ($3.99)",2,"スマホを触らない時間を記録する集中タイマー"
78,"contraction-timer","陣痛タイマー","Contraction Timer","utility","timer","sakura-pink","com.massapp.contractiontimer","Health","Contraction timers ($1-3)",1,"陣痛の間隔と持続時間を記録"
79,"fasting-timer","断食タイマー","Fasting Timer","utility","timer","midnight-navy","com.massapp.fastingtimer","Health","Fasting apps ($5-10/mo)",1,"16:8等のインターミッテントファスティングタイマー"
80,"stretch-timer","ストレッチタイマー","Stretch Timer","utility","timer","earth-brown","com.massapp.stretchtimer","Health","Yoga/stretch apps ($3-10)",1,"部位別ストレッチのインターバルタイマー"
81,"tally-counter","タリーカウンター","Tally Counter","utility","counter","neon-cyber","com.massapp.tallycounter","Utility","Tally Counter ($1-3)",1,"タップで数を数えるシンプルカウンター"
82,"score-keeper","スコアキーパー","Score Keeper","utility","counter","pastel-dream","com.massapp.scorekeeper","Games","Score Counter ($1-3)",1,"ボードゲーム・スポーツのスコアを記録"
83,"lap-counter","ラップカウンター","Lap Counter","utility","counter","mint-fresh","com.massapp.lapcounter","Health","Lap counters ($1-2)",1,"周回数をカウント（プール、ランニング）"
84,"pitch-counter","球数カウンター","Pitch Counter","utility","counter","coral-reef","com.massapp.pitchcounter","Sports","Baseball counters ($1-3)",1,"野球の投球数・ストライク・ボールを記録"
85,"knitting-counter","編み物カウンター","Knitting Counter","utility","counter","warm-orange","com.massapp.knittingcounter","Utility","Knit counters ($1-2)",1,"編み目・段数をカウント"
86,"prayer-counter","念仏カウンター","Prayer Counter","utility","counter","monochrome","com.massapp.prayercounter","Lifestyle","Prayer counters ($1-3)",1,"念仏・お経の回数をカウント"
87,"blood-pressure-log","血圧記録","Blood Pressure Log","utility","counter","ocean-blue","com.massapp.bloodpressurelog","Health","BP trackers ($2-5)",1,"血圧と脈拍を記録・グラフ表示"
88,"multi-counter","マルチカウンター","Multi Counter","utility","counter","forest-green","com.massapp.multicounter","Utility","Counter apps ($1-3)",1,"複数のカウンターを同時に管理"
89,"step-counter","歩数カウンター","Step Counter","utility","counter","sunset-purple","com.massapp.stepcounter","Health","Pedometers ($1-3)",1,"日々の歩数を記録・目標設定"
90,"dice-roller","サイコロ","Dice Roller","utility","counter","sakura-pink","com.massapp.diceroller","Games","Dice apps ($0.99-2)",1,"様々な面数のサイコロを振る"
91,"white-noise","ホワイトノイズ","White Noise","utility","sound","midnight-navy","com.massapp.whitenoise","Health","White Noise ($1-5)",2,"ホワイトノイズ・ピンクノイズで集中・睡眠"
92,"rain-sounds","雨の音","Rain Sounds","utility","sound","earth-brown","com.massapp.rainsounds","Health","Sleep sounds ($2-5)",2,"雨・雷・嵐のリラックスサウンド"
93,"ocean-sounds","海の音","Ocean Sounds","utility","sound","neon-cyber","com.massapp.oceansounds","Health","Sleep sounds ($2-5)",2,"波の音・海辺の環境音"
94,"forest-sounds","森の音","Forest Sounds","utility","sound","pastel-dream","com.massapp.forestsounds","Health","Nature sounds ($2-5)",2,"小鳥のさえずり・森の環境音"
95,"cafe-sounds","カフェの音","Cafe Sounds","utility","sound","mint-fresh","com.massapp.cafesounds","Productivity","Coffitivity ($1-3)",2,"カフェの雑音で集中力アップ"
96,"fireplace-sounds","暖炉の音","Fireplace Sounds","utility","sound","coral-reef","com.massapp.fireplacesounds","Health","Relaxation apps ($2-5)",2,"パチパチ燃える暖炉のサウンド"
97,"wind-sounds","風の音","Wind Sounds","utility","sound","warm-orange","com.massapp.windsounds","Health","Nature sounds ($2-5)",2,"そよ風・強風・風鈴の音"
98,"river-sounds","川の音","River Sounds","utility","sound","monochrome","com.massapp.riversounds","Health","Nature sounds ($2-5)",2,"せせらぎ・滝・渓流の音"
99,"night-sounds","夜の音","Night Sounds","utility","sound","ocean-blue","com.massapp.nightsounds","Health","Sleep sounds ($2-5)",2,"虫の声・コオロギ・夜の環境音"
100,"cat-purr-sounds","猫のゴロゴロ","Cat Purr Sounds","utility","sound","forest-green","com.massapp.catpurrsounds","Health","ASMR apps ($1-3)",2,"猫のゴロゴロ音でリラックス"
101,"train-sounds","電車の音","Train Sounds","utility","sound","sunset-purple","com.massapp.trainsounds","Health","ASMR apps ($1-3)",2,"電車の走行音・踏切の音"
102,"city-sounds","都会の音","City Ambience","utility","sound","sakura-pink","com.massapp.citysounds","Health","Ambient sounds ($2-5)",2,"都会の喧騒・交通の環境音"
103,"baby-sleep-sounds","赤ちゃん寝かしつけ音","Baby Sleep Sounds","utility","sound","midnight-navy","com.massapp.babysleepsounds","Health","Baby sleep apps ($2-5)",2,"赤ちゃんが眠るホワイトノイズ・子守唄"
104,"sound-mixer","サウンドミキサー","Sound Mixer","utility","sound","earth-brown","com.massapp.soundmixer","Health","Noisli ($1-10)",3,"複数の環境音をミックスして自分だけのサウンドを作成"
105,"binaural-beats","バイノーラルビート","Binaural Beats","utility","sound","neon-cyber","com.massapp.binauralbeats","Health","Brain.fm ($6-7/mo)",2,"集中・リラックス・睡眠用のバイノーラルビート"
106,"rokuyo-calendar","六曜カレンダー","Rokuyo Calendar","utility","reference","pastel-dream","com.massapp.rokuyocalendar","Utility","CalCs (¥100)",1,"大安・仏滅・友引等の六曜を確認"
107,"nenrei-hayami","年齢早見表","Age Lookup Table","utility","reference","mint-fresh","com.massapp.nenreihayami","Utility","Japanese age apps (¥100-300)",1,"生まれ年から年齢・干支・学年を一覧表示"
108,"eto-calculator","干支計算","Chinese Zodiac","utility","reference","coral-reef","com.massapp.etocalculator","Utility","Zodiac apps (¥100-300)",1,"十二支・十干を確認する干支計算"
109,"keigo-guide","敬語ガイド","Keigo Guide","utility","reference","warm-orange","com.massapp.keigoguide","Education","Keigo apps (¥300-500)",1,"ビジネス敬語の正しい使い方辞典"
110,"kankon-sosai","冠婚葬祭マナー","Etiquette Guide","utility","reference","monochrome","com.massapp.kankonsosai","Lifestyle","Manner apps (¥300-500)",1,"結婚式・葬儀・お祝いのマナー辞典"
111,"noshi-guide","のし袋の書き方","Gift Envelope Guide","utility","reference","ocean-blue","com.massapp.noshiguide","Lifestyle","Noshi apps (¥100-300)",1,"のし袋の表書き・金額の書き方ガイド"
112,"kanji-stroke-order","漢字筆順辞典","Kanji Stroke Order","utility","reference","forest-green","com.massapp.kanjistrokeorder","Education","常用漢字筆順辞典 (¥600)",2,"漢字の正しい筆順をアニメーションで表示"
113,"yojijukugo-dict","四字熟語辞典","Yojijukugo Dictionary","utility","reference","sunset-purple","com.massapp.yojijukugodict","Education","Yojijukugo apps (¥300-500)",1,"四字熟語の意味・由来・使い方を検索"
114,"kotowaza-dict","ことわざ辞典","Proverb Dictionary","utility","reference","sakura-pink","com.massapp.kotowazadict","Education","Kotowaza apps (¥100-300)",1,"日本語のことわざ・慣用句を検索"
115,"hyakunin-isshu","百人一首","Hyakunin Isshu","utility","reference","midnight-navy","com.massapp.hyakuninisshu","Education","Hyakunin Isshu apps (¥300-600)",1,"百人一首の全100首を鑑賞・暗記"
116,"color-palette","カラーパレット","Color Palette","utility","reference","earth-brown","com.massapp.colorpalette","Utility","Color tools ($1-5)",1,"和色・Webカラーのカラーパレット辞典"
117,"ascii-table","ASCII表","ASCII Table","utility","reference","neon-cyber","com.massapp.asciitable","Utility","Dev tools ($1-3)",1,"ASCII/Unicodeコード表の参照ツール"
118,"periodic-table","元素周期表","Periodic Table","utility","reference","pastel-dream","com.massapp.periodictable","Education","Periodic Table apps ($1-3)",1,"元素の詳細情報付き周期表"
119,"morse-code","モールス信号","Morse Code","utility","reference","mint-fresh","com.massapp.morsecode","Education","Morse code apps ($1-2)",1,"モールス信号の変換と学習"
120,"world-holidays","世界の祝日","World Holidays","utility","reference","coral-reef","com.massapp.worldholidays","Utility","Holiday apps ($1-3)",1,"各国の祝日・記念日カレンダー"
121,"blood-type-guide","血液型ガイド","Blood Type Guide","utility","reference","warm-orange","com.massapp.bloodtypeguide","Lifestyle","Blood type apps (¥100-300)",1,"血液型別の性格・相性診断"
122,"hanakotoba","花言葉辞典","Flower Language Dictionary","utility","reference","monochrome","com.massapp.hanakotoba","Lifestyle","Flower language apps (¥100-300)",1,"花言葉・誕生花を検索"
123,"birthstone-guide","誕生石ガイド","Birthstone Guide","utility","reference","ocean-blue","com.massapp.birthstoneguide","Lifestyle","Birthstone apps (¥100-200)",1,"月ごとの誕生石とその意味"
124,"constellation-guide","星座ガイド","Constellation Guide","utility","reference","forest-green","com.massapp.constellationguide","Education","SkyView ($1.99)",1,"88星座の解説と見つけ方"
125,"first-aid-guide","応急処置ガイド","First Aid Guide","utility","reference","sunset-purple","com.massapp.firstaidguide","Health","First aid apps ($1-5)",1,"緊急時の応急処置方法を解説"
126,"habit-tracker","習慣トラッカー","Habit Tracker","lifestyle","tracker","sakura-pink","com.massapp.habittracker","Productivity","Streaks ($4.99)",2,"毎日の習慣を記録・連続日数を表示"
127,"water-tracker","水分記録","Water Tracker","lifestyle","tracker","midnight-navy","com.massapp.watertracker","Health","Water trackers ($2-5)",1,"1日の水分摂取量を記録・目標管理"
128,"weight-tracker","体重記録","Weight Tracker","lifestyle","tracker","earth-brown","com.massapp.weighttracker","Health","Weight trackers ($2-5)",2,"体重の推移をグラフで可視化"
129,"mood-tracker","気分記録","Mood Tracker","lifestyle","tracker","neon-cyber","com.massapp.moodtracker","Health","Mood apps ($2-5/mo)",2,"毎日の気分・感情を記録・分析"
130,"sleep-tracker","睡眠記録","Sleep Tracker","lifestyle","tracker","pastel-dream","com.massapp.sleeptracker","Health","AutoSleep (¥900)",2,"就寝・起床時間と睡眠の質を記録"
131,"medicine-tracker","お薬リマインダー","Medicine Reminder","lifestyle","tracker","mint-fresh","com.massapp.medicinetracker","Health","Medicine trackers ($2-5)",2,"薬の服用スケジュールを管理・リマインド"
132,"reading-tracker","読書記録","Reading Tracker","lifestyle","tracker","coral-reef","com.massapp.readingtracker","Education","Bookly ($5/mo)",2,"読んだ本・ページ数・感想を記録"
133,"pet-tracker","ペット記録","Pet Care Tracker","lifestyle","tracker","warm-orange","com.massapp.pettracker","Lifestyle","PetNote+ (¥450-750/mo)",2,"ペットの食事・通院・体重を記録"
134,"plant-tracker","植物記録","Plant Tracker","lifestyle","tracker","monochrome","com.massapp.planttracker","Lifestyle","Planta ($35.99/yr)",2,"植物の水やり・肥料スケジュールを管理"
135,"baby-tracker","育児記録","Baby Tracker","lifestyle","tracker","ocean-blue","com.massapp.babytracker","Health","ぴよログ (¥400/mo)",2,"授乳・おむつ・睡眠を記録"
136,"period-tracker","生理日記録","Period Tracker","lifestyle","tracker","forest-green","com.massapp.periodtracker","Health","Period trackers ($2-5/mo)",2,"生理日・排卵日・体調を予測・記録"
137,"workout-tracker","筋トレ記録","Workout Tracker","lifestyle","tracker","sunset-purple","com.massapp.workouttracker","Health","Strong ($5-10/mo)",2,"筋トレの種目・重量・セット数を記録"
138,"running-log","ランニング記録","Running Log","lifestyle","tracker","sakura-pink","com.massapp.runninglog","Health","Running apps ($5-10/mo)",2,"ランニングの距離・時間・ペースを記録"
139,"cigarette-tracker","禁煙カウンター","Quit Smoking Tracker","lifestyle","tracker","midnight-navy","com.massapp.cigarettetracker","Health","Quit smoking apps ($2-5)",2,"禁煙日数・節約金額を記録"
140,"alcohol-tracker","お酒記録","Alcohol Tracker","lifestyle","tracker","earth-brown","com.massapp.alcoholtracker","Health","Drink tracking apps ($2-5)",2,"飲酒量と休肝日を記録"
141,"caffeine-tracker","カフェイン記録","Caffeine Tracker","lifestyle","tracker","neon-cyber","com.massapp.caffeinetracker","Health","Caffeine apps ($1-3)",1,"1日のカフェイン摂取量を管理"
142,"cleaning-tracker","掃除記録","Cleaning Tracker","lifestyle","tracker","pastel-dream","com.massapp.cleaningtracker","Lifestyle","Tody ($30/yr)",2,"部屋ごとの掃除スケジュールを管理"
143,"savings-tracker","貯金トラッカー","Savings Tracker","lifestyle","tracker","mint-fresh","com.massapp.savingstracker","Finance","Loot ($2.99)",2,"貯金目標と進捗を可視化"
144,"subscription-tracker","サブスク管理","Subscription Tracker","lifestyle","tracker","coral-reef","com.massapp.subscriptiontracker","Finance","Subscription trackers ($2-5)",2,"月額サービスの支出を一括管理"
145,"birthday-tracker","誕生日管理","Birthday Tracker","lifestyle","tracker","warm-orange","com.massapp.birthdaytracker","Lifestyle","hip ($1.49/mo)",1,"家族・友人の誕生日をリマインド"
146,"simple-diary","シンプル日記","Simple Diary","lifestyle","log","monochrome","com.massapp.simplediary","Lifestyle","Day One ($49.99/yr)",2,"一日一言のシンプルな日記帳"
147,"gratitude-journal","感謝日記","Gratitude Journal","lifestyle","log","ocean-blue","com.massapp.gratitudejournal","Health","Gratitude ($4.99/mo)",2,"毎日の感謝を3つ書き留める日記"
148,"dream-journal","夢日記","Dream Journal","lifestyle","log","forest-green","com.massapp.dreamjournal","Lifestyle","Dream journals ($2-5)",2,"夢の内容を記録・カテゴリ分け"
149,"food-log","食事記録","Food Log","lifestyle","log","sunset-purple","com.massapp.foodlog","Health","Food diary apps ($3-10/mo)",2,"毎食の内容を写真付きで記録"
150,"wine-log","ワイン記録","Wine Log","lifestyle","log","sakura-pink","com.massapp.winelog","Food & Drink","Wine apps ($2-5)",2,"飲んだワインの銘柄・評価を記録"
151,"coffee-log","コーヒー記録","Coffee Log","lifestyle","log","midnight-navy","com.massapp.coffeelog","Food & Drink","Coffee journals ($1-3)",2,"コーヒー豆・淹れ方・味の記録"
152,"movie-log","映画記録","Movie Log","lifestyle","log","earth-brown","com.massapp.movielog","Entertainment","Movie trackers ($2-5)",2,"観た映画の感想と評価を記録"
153,"travel-log","旅行記録","Travel Log","lifestyle","log","neon-cyber","com.massapp.travellog","Lifestyle","Wanderlog ($4.99/mo)",2,"旅行先・費用・思い出を記録"
154,"garden-log","園芸日記","Garden Log","lifestyle","log","pastel-dream","com.massapp.gardenlog","Lifestyle","Garden apps ($3-8/mo)",2,"植物の成長を記録する園芸日記"
155,"fishing-log","釣り記録","Fishing Log","lifestyle","log","mint-fresh","com.massapp.fishinglog","Sports","Fishing logs ($2-5)",2,"釣果・場所・天気を記録"
156,"guitar-practice-log","ギター練習記録","Guitar Practice Log","lifestyle","log","coral-reef","com.massapp.guitarpracticelog","Music","Music practice apps ($2-5)",2,"ギター練習の時間・曲目を記録"
157,"packing-list","持ち物チェックリスト","Packing Checklist","lifestyle","log","warm-orange","com.massapp.packinglist","Utility","PackPoint ($2.99)",1,"旅行・出張の持ち物リストを管理"
158,"recipe-note","レシピノート","Recipe Notes","lifestyle","log","monochrome","com.massapp.recipenote","Food & Drink","Paprika ($4.99)",2,"オリジナルレシピを保存・管理"
159,"skincare-log","スキンケア記録","Skincare Log","lifestyle","log","ocean-blue","com.massapp.skincarelog","Health","Skincare apps ($2-5)",2,"スキンケア製品と肌の状態を記録"
160,"game-log","ゲームプレイ記録","Game Log","lifestyle","log","forest-green","com.massapp.gamelog","Entertainment","Game trackers ($1-3)",2,"プレイしたゲームの感想・プレイ時間を記録"
161,"kakeibo","かんたん家計簿","Simple Budget","lifestyle","budget","sunset-purple","com.massapp.kakeibo","Finance","Zaim (¥440/mo)",2,"支出をカテゴリ別に記録する家計簿"
162,"weekly-budget","週間予算管理","Weekly Budget","lifestyle","budget","sakura-pink","com.massapp.weeklybudget","Finance","YNAB ($14.99/mo)",2,"週ごとの予算を設定して支出を管理"
163,"couple-budget","カップル家計簿","Couple Budget","lifestyle","budget","midnight-navy","com.massapp.couplebudget","Finance","Monarch ($14.99/mo)",2,"二人の支出を合算して管理する家計簿"
164,"travel-budget","旅行予算管理","Travel Budget","lifestyle","budget","earth-brown","com.massapp.travelbudget","Finance","TripIt Pro ($49/yr)",2,"旅行の予算と支出を管理"
165,"student-budget","学生家計簿","Student Budget","lifestyle","budget","neon-cyber","com.massapp.studentbudget","Finance","Budget apps ($2-5)",2,"仕送り・バイト代の収支を管理"
166,"envelope-budget","封筒予算管理","Envelope Budget","lifestyle","budget","pastel-dream","com.massapp.envelopebudget","Finance","Goodbudget ($7/mo)",2,"封筒式の予算管理で使いすぎ防止"
167,"side-hustle-tracker","副業収入管理","Side Hustle Tracker","lifestyle","budget","mint-fresh","com.massapp.sidehustletracker","Finance","Freelance trackers ($3-10)",2,"副業の収入と経費を管理"
168,"wedding-budget","結婚式予算管理","Wedding Budget","lifestyle","budget","coral-reef","com.massapp.weddingbudget","Finance","WeddingHappy ($4.99)",2,"結婚式の費用を項目別に管理"
169,"car-expense-tracker","車の維持費記録","Car Expense Tracker","lifestyle","budget","warm-orange","com.massapp.carexpensetracker","Finance","Car expense apps ($2-5)",2,"ガソリン代・車検・保険等の車の費用を記録"
170,"gift-budget","プレゼント予算","Gift Budget","lifestyle","budget","monochrome","com.massapp.giftbudget","Finance","WISHUPON ($1.99-14.99)",1,"誕生日・クリスマスのプレゼント予算を管理"
171,"kanji-quiz","漢字クイズ","Kanji Quiz","game","quiz","ocean-blue","com.massapp.kanjiquiz","Education","漢字検定アプリ (¥500-1000)",2,"読み書きの漢字力をテスト"
172,"yojijukugo-quiz","四字熟語クイズ","Yojijukugo Quiz","game","quiz","forest-green","com.massapp.yojijukugoquiz","Education","Yojijukugo apps (¥300-500)",1,"四字熟語の意味を当てるクイズ"
173,"kotowaza-quiz","ことわざクイズ","Proverb Quiz","game","quiz","sunset-purple","com.massapp.kotowazaquiz","Education","Kotowaza apps (¥100-300)",1,"日本語のことわざの意味を当てるクイズ"
174,"todofuken-quiz","都道府県クイズ","Prefecture Quiz","game","quiz","sakura-pink","com.massapp.todofukenquiz","Education","Prefecture quiz (¥100-300)",1,"47都道府県の県庁所在地・特産品をクイズ"
175,"flag-quiz","国旗クイズ","Flag Quiz","game","quiz","midnight-navy","com.massapp.flagquiz","Education","StudyGe ($4.99/mo)",1,"世界の国旗を当てるクイズ"
176,"capital-quiz","首都クイズ","Capital City Quiz","game","quiz","earth-brown","com.massapp.capitalquiz","Education","StudyGe ($4.99/mo)",1,"世界の首都を当てるクイズ"
177,"history-quiz","日本史クイズ","Japanese History Quiz","game","quiz","neon-cyber","com.massapp.historyquiz","Education","History quiz (¥300-500)",2,"日本史の重要人物・出来事をクイズ"
178,"world-history-quiz","世界史クイズ","World History Quiz","game","quiz","pastel-dream","com.massapp.worldhistoryquiz","Education","History quiz apps ($2-5)",2,"世界史の重要な出来事をクイズ"
179,"science-quiz","理科クイズ","Science Quiz","game","quiz","mint-fresh","com.massapp.sciencequiz","Education","Science quiz ($1-3)",2,"物理・化学・生物の基礎知識クイズ"
180,"english-vocab-quiz","英単語クイズ","English Vocabulary Quiz","game","quiz","coral-reef","com.massapp.englishvocabquiz","Education","mikan (¥600/mo)",2,"TOEIC/英検レベル別の英単語テスト"
181,"animal-quiz","動物クイズ","Animal Quiz","game","quiz","warm-orange","com.massapp.animalquiz","Education","Animal quiz ($1-2)",1,"動物の特徴から名前を当てるクイズ"
182,"music-quiz","音楽クイズ","Music Quiz","game","quiz","monochrome","com.massapp.musicquiz","Entertainment","Music trivia ($1-3)",2,"音楽の歴史・アーティストクイズ"
183,"food-quiz","食べ物クイズ","Food Quiz","game","quiz","ocean-blue","com.massapp.foodquiz","Education","Food quiz ($1-2)",1,"料理・食材の知識クイズ"
184,"sports-quiz","スポーツクイズ","Sports Quiz","game","quiz","forest-green","com.massapp.sportsquiz","Entertainment","Sports trivia ($1-3)",1,"スポーツの歴史・ルールクイズ"
185,"movie-quiz","映画クイズ","Movie Quiz","game","quiz","sunset-purple","com.massapp.moviequiz","Entertainment","Movie trivia ($1-3)",1,"名作映画の知識クイズ"
186,"station-name-quiz","駅名クイズ","Station Name Quiz","game","quiz","sakura-pink","com.massapp.stationnamequiz","Education","Station quiz (¥100-300)",1,"難読駅名の読み方を当てるクイズ"
187,"kanji-kentei-quiz","漢検対策クイズ","Kanji Kentei Quiz","game","quiz","midnight-navy","com.massapp.kanjikenteiquiz","Education","漢検アプリ (¥500-1000)",2,"漢字検定の級別対策問題"
188,"math-quiz","算数クイズ","Math Quiz","game","quiz","earth-brown","com.massapp.mathquiz","Education","Math quiz ($1-3)",1,"四則演算のスピードクイズ"
189,"general-knowledge-quiz","一般常識クイズ","General Knowledge Quiz","game","quiz","neon-cyber","com.massapp.generalknowledgequiz","Education","Trivia apps ($1-3)",1,"就活にも使える一般常識テスト"
190,"spi-quiz","SPI対策クイズ","SPI Test Prep","game","quiz","pastel-dream","com.massapp.spiquiz","Education","SPI apps (¥500-1000)",2,"就職活動のSPIテスト対策"
191,"toeic-quiz","TOEIC対策クイズ","TOEIC Quiz","game","quiz","mint-fresh","com.massapp.toeicquiz","Education","スタディサプリ (¥3,278/mo)",2,"TOEIC頻出問題のミニテスト"
192,"idiom-quiz","慣用句クイズ","Idiom Quiz","game","quiz","coral-reef","com.massapp.idiomquiz","Education","Japanese language apps (¥300)",1,"日本語の慣用句の意味を当てるクイズ"
193,"geography-quiz","地理クイズ","Geography Quiz","game","quiz","warm-orange","com.massapp.geographyquiz","Education","StudyGe ($4.99/mo)",1,"世界の地形・気候・文化をクイズ"
194,"anatomy-quiz","人体クイズ","Anatomy Quiz","game","quiz","monochrome","com.massapp.anatomyquiz","Education","Anatomy Atlas (¥3,000)",2,"人体の骨・筋肉・臓器の知識クイズ"
195,"driving-test-quiz","運転免許クイズ","Driving Test Quiz","game","quiz","ocean-blue","com.massapp.drivingtestquiz","Education","Driving test apps (¥300-500)",2,"運転免許学科試験の模擬問題"
196,"itsukei-quiz","一般教養クイズ","Liberal Arts Quiz","game","quiz","forest-green","com.massapp.itsukeiquiz","Education","Quiz apps (¥300)",1,"文学・芸術・哲学の教養クイズ"
197,"hyakunin-isshu-quiz","百人一首クイズ","Hyakunin Isshu Quiz","game","quiz","sunset-purple","com.massapp.hyakuninisshuquiz","Education","Hyakunin Isshu (¥300-600)",1,"百人一首の上の句から下の句を当てる"
198,"emoji-quiz","絵文字クイズ","Emoji Quiz","game","quiz","sakura-pink","com.massapp.emojiquiz","Entertainment","Emoji quiz ($0.99-2)",1,"絵文字の組み合わせから答えを推測"
199,"logo-quiz","ロゴクイズ","Logo Quiz","game","quiz","midnight-navy","com.massapp.logoquiz","Entertainment","Logo Quiz ($1-3)",1,"企業ロゴの名前を当てるクイズ"
200,"true-false-quiz","マルバツクイズ","True or False Quiz","game","quiz","earth-brown","com.massapp.truefalsequiz","Entertainment","Trivia apps ($1-2)",1,"豆知識の○×クイズ"
201,"sudoku","数独","Sudoku","game","puzzle","neon-cyber","com.massapp.sudoku","Games","Sudoku apps ($1-5)",2,"9×9マスの数字パズル"
202,"kakuro","カックロ","Kakuro","game","puzzle","pastel-dream","com.massapp.kakuro","Games","Kakuro apps ($1-3)",2,"足し算のクロスワードパズル"
203,"nonogram","お絵かきロジック","Nonogram","game","puzzle","mint-fresh","com.massapp.nonogram","Games","Nonogram apps ($1-3)",2,"数字のヒントから絵を完成させるパズル"
204,"word-search","単語探し","Word Search","game","puzzle","coral-reef","com.massapp.wordsearch","Games","Word search ($1-3)",1,"マス目から隠された単語を見つける"
205,"crossword-jp","クロスワード","Crossword Puzzle","game","puzzle","warm-orange","com.massapp.crosswordjp","Games","Crossword apps ($2-5)",2,"日本語のクロスワードパズル"
206,"number-puzzle-2048","2048パズル","2048 Puzzle","game","puzzle","monochrome","com.massapp.numberpuzzle2048","Games","2048 original ($0.99)",2,"数字を合わせて2048を目指すパズル"
207,"slide-puzzle","スライドパズル","Slide Puzzle","game","puzzle","ocean-blue","com.massapp.slidepuzzle","Games","Puzzle apps ($0.99-2)",1,"タイルをスライドして正しい順番に並べる"
208,"math-puzzle","数学パズル","Math Puzzle","game","puzzle","forest-green","com.massapp.mathpuzzle","Education","Math puzzle ($1-3)",2,"四則演算で答えを導く数学パズル"
209,"logic-puzzle","ロジックパズル","Logic Puzzle","game","puzzle","sunset-purple","com.massapp.logicpuzzle","Games","Logic puzzle ($2-5)",3,"論理的思考で解くパズル問題"
210,"color-puzzle","カラーパズル","Color Puzzle","game","puzzle","sakura-pink","com.massapp.colorpuzzle","Games","Color puzzle ($0.99-2)",1,"同じ色をつなげて消すパズル"
211,"anagram","アナグラム","Anagram","game","puzzle","midnight-navy","com.massapp.anagram","Games","Word games ($1-3)",1,"文字を並べ替えて単語を作る"
212,"connect-dots","一筆書きパズル","One Stroke Puzzle","game","puzzle","earth-brown","com.massapp.connectdots","Games","Line puzzle ($0.99-2)",2,"一筆で全てのドットをつなぐパズル"
213,"fill-puzzle","ブロック埋めパズル","Block Fill Puzzle","game","puzzle","neon-cyber","com.massapp.fillpuzzle","Games","Block puzzle ($0.99-2)",2,"ブロックをはめてマスを埋めるパズル"
214,"maze-puzzle","迷路","Maze Puzzle","game","puzzle","pastel-dream","com.massapp.mazepuzzle","Games","Maze apps ($0.99-2)",1,"ゴールを目指す迷路パズル"
215,"tower-of-hanoi","ハノイの塔","Tower of Hanoi","game","puzzle","mint-fresh","com.massapp.towerofhanoi","Games","Classic puzzle ($0.99)",1,"円盤を正しい順で移動するパズル"
216,"memory-match","神経衰弱","Memory Match","game","memory","coral-reef","com.massapp.memorymatch","Games","Memory games ($1-3)",1,"カードをめくって同じ絵柄を探す神経衰弱"
217,"sequence-memory","記憶力チャレンジ","Sequence Memory","game","memory","warm-orange","com.massapp.sequencememory","Games","Elevate ($4.99/mo)",2,"光る順番を覚えて再現する記憶ゲーム"
218,"speed-math","暗算トレーニング","Mental Math Training","game","memory","monochrome","com.massapp.speedmath","Education","Brain training ($5/mo)",2,"制限時間内に暗算問題を解くトレーニング"
219,"soroban-training","そろばんトレーニング","Soroban Training","game","memory","ocean-blue","com.massapp.sorobantraining","Education","そろばん apps (¥300-500)",2,"そろばん式暗算のトレーニング"
220,"reaction-time","反射神経テスト","Reaction Time Test","game","memory","forest-green","com.massapp.reactiontime","Games","Reaction games ($0.99-2)",1,"反応速度を測定するテスト"
221,"color-match","色判別ゲーム","Color Match Game","game","memory","sunset-purple","com.massapp.colormatch","Games","Brain games ($1-3)",1,"文字の色と意味が一致するか判定するゲーム"
222,"number-memory","数字記憶","Number Memory","game","memory","sakura-pink","com.massapp.numbermemory","Games","Lumosity ($11.99/mo)",2,"表示された数字を記憶して入力するゲーム"
223,"word-memory","単語記憶ゲーム","Word Memory Game","game","memory","midnight-navy","com.massapp.wordmemory","Education","Peak ($4.99/mo)",2,"表示された単語を記憶して選ぶゲーム"
224,"pattern-recognition","パターン認識","Pattern Recognition","game","memory","earth-brown","com.massapp.patternrecognition","Games","Brain training ($3-5/mo)",2,"パターンの法則を見つけるトレーニング"
225,"typing-speed","タイピング速度","Typing Speed Test","game","memory","neon-cyber","com.massapp.typingspeed","Education","TapTyping ($3.99)",1,"タイピング速度を測定・トレーニング"
226,"visual-memory","視覚記憶テスト","Visual Memory Test","game","memory","pastel-dream","com.massapp.visualmemory","Games","Brain games ($3-5/mo)",2,"一瞬表示された画像の位置を記憶するテスト"
227,"attention-training","集中力トレーニング","Attention Training","game","memory","mint-fresh","com.massapp.attentiontraining","Games","CogniFit ($19.99/mo)",2,"注意力と集中力を鍛えるミニゲーム集"
228,"omikuji","おみくじ","Omikuji Fortune","game","fortune","coral-reef","com.massapp.omikuji","Entertainment","おみくじアプリ (¥100-300)",1,"毎日のおみくじで運勢をチェック"
229,"horoscope-daily","今日の星座占い","Daily Horoscope","game","fortune","warm-orange","com.massapp.horoscopedaily","Entertainment","Co-Star ($9)",1,"12星座の毎日の運勢を占う"
230,"blood-type-fortune","血液型占い","Blood Type Fortune","game","fortune","monochrome","com.massapp.bloodtypefortune","Entertainment","Blood type apps (¥100-300)",1,"血液型別の今日の運勢と相性"
231,"tarot-reading","タロット占い","Tarot Reading","game","fortune","ocean-blue","com.massapp.tarotreading","Entertainment","Nebula ($8-10/week)",2,"タロットカードで運勢を占う"
232,"seimei-handan","姓名判断","Name Fortune Telling","game","fortune","forest-green","com.massapp.seimeihandan","Entertainment","姓名判断アプリ (¥300-500)",2,"名前の画数から運勢を占う"
233,"kyusei-kigaku","九星気学","Nine Star Ki","game","fortune","sunset-purple","com.massapp.kyuseikigaku","Entertainment","九星気学アプリ (¥300-500)",2,"九星気学による方位・運勢占い"
234,"fusui-guide","風水ガイド","Feng Shui Guide","game","fortune","sakura-pink","com.massapp.fusuiguide","Lifestyle","風水アプリ (¥300-500)",1,"風水の基本と開運インテリア配置"
235,"dream-fortune","夢占い","Dream Fortune","game","fortune","midnight-navy","com.massapp.dreamfortune","Entertainment","Dream interpretation ($1-3)",1,"夢の内容から運勢を占う"
236,"love-compatibility","恋愛相性占い","Love Compatibility","game","fortune","earth-brown","com.massapp.lovecompatibility","Entertainment","Compatibility apps ($2-5)",1,"二人の名前・誕生日から相性を診断"
237,"today-lucky-color","今日のラッキーカラー","Lucky Color Today","game","fortune","neon-cyber","com.massapp.todayluckycolor","Entertainment","Fortune apps (¥100-300)",1,"誕生日から今日のラッキーカラーを診断"
238,"palm-reading","手相占い","Palm Reading","game","fortune","pastel-dream","com.massapp.palmreading","Entertainment","Palm reading ($2-5)",1,"手相の見方と運勢を解説"
239,"numerology","数秘術占い","Numerology","game","fortune","mint-fresh","com.massapp.numerology","Entertainment","Numerology apps ($2-5)",1,"誕生日から運命数を計算して占う"
240,"animal-fortune","動物占い","Animal Fortune","game","fortune","coral-reef","com.massapp.animalfortune","Entertainment","動物占いアプリ (¥100-300)",1,"生年月日から動物タイプと性格を診断"
241,"fortune-cookie","フォーチュンクッキー","Fortune Cookie","game","fortune","warm-orange","com.massapp.fortunecookie","Entertainment","Fortune cookie ($0.99)",1,"フォーチュンクッキーを割って運勢を見る"
242,"personality-test","性格診断","Personality Test","game","fortune","monochrome","com.massapp.personalitytest","Entertainment","Personality apps ($2-5)",1,"MBTI風の性格診断テスト"
243,"password-generator","パスワード生成","Password Generator","utility","generator","ocean-blue","com.massapp.passwordgenerator","Utility","1Password ($35.88/yr)",1,"安全なパスワードをランダム生成"
244,"random-number","乱数ジェネレーター","Random Number Generator","utility","generator","forest-green","com.massapp.randomnumber","Utility","Random generators ($0.99-2)",1,"範囲を指定してランダムな数を生成"
245,"team-divider","チーム分け","Team Divider","utility","generator","sunset-purple","com.massapp.teamdivider","Utility","Team picker apps ($1-2)",1,"メンバーをランダムにチーム分け"
246,"lottery-picker","くじ引きアプリ","Lottery Picker","utility","generator","sakura-pink","com.massapp.lotterypicker","Entertainment","Lottery apps ($0.99-2)",1,"抽選・くじ引き・あみだくじ"
247,"baby-name-generator","赤ちゃん名前候補","Baby Name Generator","utility","generator","midnight-navy","com.massapp.babynamegenerator","Lifestyle","Baby name apps ($1-3)",1,"画数・読みから赤ちゃんの名前を提案"
248,"color-generator","カラー生成","Color Generator","utility","generator","earth-brown","com.massapp.colorgenerator","Utility","Color tools ($1-5)",1,"ランダムなカラーパレットを生成"
249,"meal-decider","今日のごはん決め","Meal Decider","utility","generator","neon-cyber","com.massapp.mealdecider","Food & Drink","Meal roulette ($0.99-2)",1,"今日のメニューをランダムに決定"
250,"roulette-app","ルーレット","Roulette Wheel","utility","generator","pastel-dream","com.massapp.rouletteapp","Entertainment","Roulette apps ($0.99-2)",1,"項目を入力してルーレットで決定"
251,"yes-no-decider","YES/NO決定機","Yes or No Decider","utility","generator","mint-fresh","com.massapp.yesnodecider","Utility","Decision apps ($0.99)",1,"迷った時のYES/NOランダム決定"
252,"qr-generator","QRコード生成","QR Code Generator","utility","generator","coral-reef","com.massapp.qrgenerator","Utility","QR generators ($1-3)",1,"テキスト・URL・連絡先のQRコード生成"
253,"nickname-generator","ニックネーム生成","Nickname Generator","utility","generator","warm-orange","com.massapp.nicknamegenerator","Entertainment","Name generators ($0.99-2)",1,"ゲーム・SNS用のニックネームを生成"
254,"excuse-generator","言い訳ジェネレーター","Excuse Generator","utility","generator","monochrome","com.massapp.excusegenerator","Entertainment","Joke apps ($0.99)",1,"ユーモアのある言い訳をランダム生成"
255,"truth-or-dare","トゥルースオアデア","Truth or Dare","utility","generator","ocean-blue","com.massapp.truthordare","Entertainment","Party game apps ($1-3)",1,"パーティーゲーム「真実か挑戦か」"
256,"would-you-rather","究極の選択","Would You Rather","utility","generator","forest-green","com.massapp.wouldyourather","Entertainment","WYR apps ($1-2)",1,"二択の究極の選択ゲーム"
257,"affirmation-generator","アファメーション","Daily Affirmations","utility","generator","sunset-purple","com.massapp.affirmationgenerator","Health","Believe ($2.99/mo)",1,"毎日のポジティブなアファメーションを表示"
258,"yoga-poses","ヨガポーズ集","Yoga Poses","utility","reference","sakura-pink","com.massapp.yogaposes","Health","Down Dog ($9.99/mo)",1,"ヨガの基本ポーズを解説・図解"
259,"push-up-counter","腕立て伏せカウンター","Push-Up Counter","utility","counter","midnight-navy","com.massapp.pushupcounter","Health","Push-up apps ($1-3)",1,"腕立て伏せの回数をカウント・記録"
260,"squat-counter","スクワットカウンター","Squat Counter","utility","counter","earth-brown","com.massapp.squatcounter","Health","Fitness counters ($1-3)",1,"スクワットの回数をカウント・記録"
261,"sit-up-counter","腹筋カウンター","Sit-Up Counter","utility","counter","neon-cyber","com.massapp.situpcounter","Health","Fitness counters ($1-3)",1,"腹筋の回数をカウント・記録"
262,"body-measurement","ボディサイズ記録","Body Measurement Log","lifestyle","tracker","pastel-dream","com.massapp.bodymeasurement","Health","Body tracker apps ($2-5)",2,"ウエスト・ヒップ等のサイズを記録"
263,"headache-diary","頭痛ダイアリー","Headache Diary","lifestyle","log","mint-fresh","com.massapp.headachediary","Health","Migraine apps ($3-5)",2,"頭痛の頻度・強度・トリガーを記録"
264,"allergy-log","アレルギー記録","Allergy Log","lifestyle","log","coral-reef","com.massapp.allergylog","Health","Allergy trackers ($2-5)",2,"アレルギー症状と原因食品を記録"
265,"eye-exercise","目の体操","Eye Exercise","utility","timer","warm-orange","com.massapp.eyeexercise","Health","Eye care apps ($1-3)",1,"20-20-20ルールの目の休憩リマインダー"
266,"posture-reminder","姿勢リマインダー","Posture Reminder","utility","timer","monochrome","com.massapp.posturereminder","Health","Posture apps ($2-5)",1,"定期的に姿勢チェックをリマインド"
267,"breathing-exercise","呼吸エクササイズ","Breathing Exercise","utility","timer","ocean-blue","com.massapp.breathingexercise","Health","Breathe apps ($2-5)",1,"4-7-8呼吸法・ボックス呼吸のガイド"
268,"hydration-reminder","水分補給リマインダー","Hydration Reminder","utility","timer","forest-green","com.massapp.hydrationreminder","Health","Water reminder ($1-3)",1,"定期的に水分補給をリマインド"
269,"macro-calculator","マクロ計算機","Macro Calculator","utility","calculator","sunset-purple","com.massapp.macrocalculator","Health","MyFitnessPal ($19.99/mo)",2,"たんぱく質・脂質・炭水化物のPFCバランスを計算"
270,"one-rep-max-calc","1RM計算機","1RM Calculator","utility","calculator","sakura-pink","com.massapp.onerepmaxcalc","Health","Strength apps ($2-5)",1,"重量と回数から1RM（最大挙上重量）を計算"
271,"pace-calculator","ペース計算機","Pace Calculator","utility","calculator","midnight-navy","com.massapp.pacecalculator","Health","Running apps ($3-5)",1,"ランニングのペース・タイム・距離を計算"
272,"ideal-weight-calc","適正体重計算","Ideal Weight Calculator","utility","calculator","earth-brown","com.massapp.idealweightcalc","Health","Health calculators ($1-3)",1,"身長・年齢から適正体重を計算"
273,"waist-hip-ratio","WHR計算機","Waist-Hip Ratio Calculator","utility","calculator","neon-cyber","com.massapp.waisthipratio","Health","Health calculators ($1-3)",1,"ウエスト・ヒップ比で健康リスクを判定"
274,"target-heart-rate","目標心拍数計算","Target Heart Rate","utility","calculator","pastel-dream","com.massapp.targetheartrate","Health","Heart rate apps ($2-5)",1,"年齢から運動時の目標心拍数ゾーンを計算"
275,"vo2max-calculator","VO2max推定","VO2max Estimator","utility","calculator","mint-fresh","com.massapp.vo2maxcalculator","Health","Fitness calculators ($2-5)",2,"心拍数データからVO2maxを推定"
276,"tdee-calculator","TDEE計算機","TDEE Calculator","utility","calculator","coral-reef","com.massapp.tdeecalculator","Health","Diet calculators ($2-5)",1,"1日の総消費カロリー(TDEE)を計算"
277,"sleep-debt-calc","睡眠負債計算","Sleep Debt Calculator","utility","calculator","warm-orange","com.massapp.sleepdebtcalc","Health","Sleep apps ($3-5)",1,"理想と実際の睡眠時間の差を計算"
278,"metronome","メトロノーム","Metronome","utility","timer","monochrome","com.massapp.metronome","Music","Pro Metronome ($4.99)",1,"BPM設定可能な正確なメトロノーム"
279,"guitar-tuner","ギターチューナー","Guitar Tuner","utility","sound","ocean-blue","com.massapp.guitartuner","Music","Guitar Tuna ($7.99/mo)",2,"ギターの音を合わせるチューナー"
280,"ukulele-tuner","ウクレレチューナー","Ukulele Tuner","utility","sound","forest-green","com.massapp.ukuleletuner","Music","Tuner apps ($1-3)",2,"ウクレレ専用チューナー"
281,"chord-finder","コード検索","Chord Finder","utility","reference","sunset-purple","com.massapp.chordfinder","Music","Guitar chord apps ($3-5)",1,"ギター・ピアノのコード表を検索"
282,"scale-reference","スケール辞典","Scale Reference","utility","reference","sakura-pink","com.massapp.scalereference","Music","Music theory ($3-5)",1,"音楽のスケール（音階）辞典"
283,"bpm-counter","BPMカウンター","BPM Counter","utility","counter","midnight-navy","com.massapp.bpmcounter","Music","BPM apps ($0.99-2)",1,"タップしてBPM（テンポ）を計測"
284,"pitch-pipe","ピッチパイプ","Pitch Pipe","utility","sound","earth-brown","com.massapp.pitchpipe","Music","Pitch pipe ($0.99-2)",1,"基準音を出すピッチパイプ"
285,"music-interval-trainer","音程トレーニング","Interval Trainer","game","quiz","neon-cyber","com.massapp.musicintervaltrainer","Music","EarMaster ($5-10/mo)",2,"音程を聞き分ける耳トレーニング"
286,"rhythm-trainer","リズムトレーニング","Rhythm Trainer","game","quiz","pastel-dream","com.massapp.rhythmtrainer","Music","Rhythm apps ($3-5)",2,"リズムパターンを聞いて再現するトレーニング"
287,"sight-reading-trainer","初見読譜トレーニング","Sight Reading Trainer","game","quiz","mint-fresh","com.massapp.sightreadingtrainer","Music","Sight reading ($3-5)",2,"楽譜を読んで音符を当てるトレーニング"
288,"music-note-quiz","音符クイズ","Music Note Quiz","game","quiz","coral-reef","com.massapp.musicnotequiz","Music","Music quiz ($1-3)",1,"音符・記号の名前を当てるクイズ"
289,"piano-practice-log","ピアノ練習記録","Piano Practice Log","lifestyle","log","warm-orange","com.massapp.pianopracticelog","Music","Practice journal ($2-5)",2,"ピアノの練習時間と曲目を記録"
290,"practice-timer","練習タイマー","Practice Timer","utility","timer","monochrome","com.massapp.practicetimer","Music","Practice timer ($1-3)",1,"楽器練習用のインターバルタイマー"
291,"key-signature-ref","調号辞典","Key Signature Reference","utility","reference","ocean-blue","com.massapp.keysignatureref","Music","Music theory ($2-5)",1,"調号と対応するスケール・コードの辞典"
292,"decibel-meter","騒音計","Decibel Meter","utility","counter","forest-green","com.massapp.decibelmeter","Utility","dB Meter ($1-3)",2,"周囲の音量をデシベルで計測"
293,"character-counter","文字数カウンター","Character Counter","utility","counter","sunset-purple","com.massapp.charactercounter","Utility","Text tools ($0.99-2)",1,"テキストの文字数・単語数をカウント"
294,"word-counter","単語カウンター","Word Counter","utility","counter","sakura-pink","com.massapp.wordcounter","Utility","Text tools ($0.99-2)",1,"英文の単語数と読了時間を計算"
295,"text-to-speech","テキスト読み上げ","Text to Speech","utility","sound","midnight-navy","com.massapp.texttospeech","Utility","TTS apps ($2-5)",2,"テキストを音声で読み上げ"
296,"simple-notepad","シンプルメモ帳","Simple Notepad","lifestyle","log","earth-brown","com.massapp.simplenotepad","Utility","Notepad apps ($1-3)",1,"すぐ書けるシンプルなメモ帳"
297,"markdown-preview","Markdownプレビュー","Markdown Preview","utility","reference","neon-cyber","com.massapp.markdownpreview","Utility","iA Writer ($29.99)",2,"Markdownテキストをリアルタイムプレビュー"
298,"regex-tester","正規表現テスター","Regex Tester","utility","reference","pastel-dream","com.massapp.regextester","Utility","Dev tools ($2-5)",2,"正規表現をテスト・マッチ結果を表示"
299,"json-formatter","JSONフォーマッター","JSON Formatter","utility","reference","mint-fresh","com.massapp.jsonformatter","Utility","Dev tools ($1-3)",2,"JSONデータを整形・バリデーション"
300,"base64-encoder","Base64エンコーダー","Base64 Encoder","utility","converter","coral-reef","com.massapp.base64encoder","Utility","Dev tools ($1-3)",1,"テキスト・画像のBase64エンコード/デコード"
301,"url-encoder","URLエンコーダー","URL Encoder","utility","converter","warm-orange","com.massapp.urlencoder","Utility","Dev tools ($1-3)",1,"URLのエンコード/デコード変換"
302,"hash-generator","ハッシュ生成","Hash Generator","utility","generator","monochrome","com.massapp.hashgenerator","Utility","Security tools ($1-3)",1,"MD5/SHA-1/SHA-256等のハッシュを生成"
303,"lorem-ipsum","ダミーテキスト生成","Lorem Ipsum Generator","utility","generator","ocean-blue","com.massapp.loremipsum","Utility","Dev tools ($0.99)",1,"デザイン用のダミーテキストを生成"
304,"kanji-to-hiragana","漢字→ひらがな変換","Kanji to Hiragana","utility","converter","forest-green","com.massapp.kanjitohiragana","Education","Japanese text tools (¥100-300)",2,"漢字テキストにふりがなを付ける"
305,"fullwidth-halfwidth","全角半角変換","Fullwidth Halfwidth Converter","utility","converter","sunset-purple","com.massapp.fullwidthhalfwidth","Utility","Japanese text tools (¥100-200)",1,"全角⇔半角のテキスト変換"
306,"timestamp-converter","タイムスタンプ変換","Timestamp Converter","utility","converter","sakura-pink","com.massapp.timestampconverter","Utility","Dev tools ($1-3)",1,"UNIXタイムスタンプと日時を相互変換"
307,"ip-address-lookup","IPアドレス確認","IP Address Lookup","utility","reference","midnight-navy","com.massapp.ipaddresslookup","Utility","Network tools ($1-3)",1,"自分のIPアドレスと位置情報を確認"
308,"flashcard-maker","フラッシュカード","Flashcard Maker","lifestyle","log","earth-brown","com.massapp.flashcardmaker","Education","AnkiMobile ($24.99)",2,"自作フラッシュカードで暗記学習"
309,"multiplication-table","九九練習","Multiplication Table","game","quiz","neon-cyber","com.massapp.multiplicationtable","Education","Math apps ($1-3)",1,"九九の掛け算を練習・テスト"
310,"hiragana-practice","ひらがな練習","Hiragana Practice","game","quiz","pastel-dream","com.massapp.hiraganapractice","Education","Japanese learning ($3-10)",1,"ひらがなの読み書きを練習"
311,"katakana-practice","カタカナ練習","Katakana Practice","game","quiz","mint-fresh","com.massapp.katakanapractice","Education","Japanese learning ($3-10)",1,"カタカナの読み書きを練習"
312,"alphabet-practice","アルファベット練習","Alphabet Practice","game","quiz","coral-reef","com.massapp.alphabetpractice","Education","ABC apps ($1-3)",1,"英語のアルファベット練習（子供向け）"
313,"english-grammar-quiz","英文法クイズ","English Grammar Quiz","game","quiz","warm-orange","com.massapp.englishgrammarquiz","Education","Grammar apps ($3-5)",2,"英文法の基礎をクイズで学習"
314,"eiken-quiz","英検対策クイズ","Eiken Test Prep","game","quiz","monochrome","com.massapp.eikenquiz","Education","英検アプリ (¥500-1000)",2,"実用英語技能検定の対策問題"
315,"study-planner","勉強プランナー","Study Planner","lifestyle","tracker","ocean-blue","com.massapp.studyplanner","Education","Study planners ($2-5)",2,"科目別の勉強計画と進捗を管理"
316,"vocabulary-notebook","単語帳","Vocabulary Notebook","lifestyle","log","forest-green","com.massapp.vocabularynotebook","Education","Vocab apps ($1-5)",2,"自分だけの単語帳を作成・暗記"
317,"chinese-quiz","中国語クイズ","Chinese Quiz","game","quiz","sunset-purple","com.massapp.chinesequiz","Education","Chinese learning ($5-10/mo)",2,"中国語の基礎単語・ピンインクイズ"
318,"korean-quiz","韓国語クイズ","Korean Quiz","game","quiz","sakura-pink","com.massapp.koreanquiz","Education","Korean learning ($5-10/mo)",2,"韓国語の基礎単語・ハングルクイズ"
319,"french-quiz","フランス語クイズ","French Quiz","game","quiz","midnight-navy","com.massapp.frenchquiz","Education","Language apps ($5-10/mo)",2,"フランス語の基礎単語クイズ"
320,"chemistry-formula-quiz","化学式クイズ","Chemical Formula Quiz","game","quiz","earth-brown","com.massapp.chemistryformulaquiz","Education","Science quiz ($1-3)",2,"化学式と元素記号のクイズ"
321,"math-formula-ref","数学公式集","Math Formula Reference","utility","reference","neon-cyber","com.massapp.mathformularef","Education","Math reference ($2-5)",1,"中学・高校の数学公式を一覧"
322,"physics-formula-ref","物理公式集","Physics Formula Reference","utility","reference","pastel-dream","com.massapp.physicsformularef","Education","Physics reference ($2-5)",1,"物理の基本公式を一覧"
323,"history-timeline","歴史年表","History Timeline","utility","reference","mint-fresh","com.massapp.historytimeline","Education","History apps ($2-5)",1,"日本史・世界史の重要年号を一覧"
324,"golf-score","ゴルフスコア","Golf Scorecard","lifestyle","log","coral-reef","com.massapp.golfscore","Sports","Golf apps ($5-30/yr)",2,"ゴルフのスコアをホール別に記録"
325,"tennis-score","テニススコア","Tennis Scorekeeper","utility","counter","warm-orange","com.massapp.tennisscore","Sports","Tennis score ($1-3)",1,"テニスのスコアを簡単記録"
326,"bowling-score","ボウリングスコア","Bowling Scorecard","lifestyle","log","monochrome","com.massapp.bowlingscore","Sports","Bowling apps ($1-3)",2,"ボウリングのスコアを記録・平均計算"
327,"darts-score","ダーツスコア","Darts Scorer","utility","counter","ocean-blue","com.massapp.dartsscore","Sports","Darts apps ($2-5)",2,"ダーツの501/301スコアを計算"
328,"badminton-score","バドミントンスコア","Badminton Scorer","utility","counter","forest-green","com.massapp.badmintonscore","Sports","Score apps ($0.99-2)",1,"バドミントンのスコアを記録"
329,"basketball-stats","バスケ統計","Basketball Stats","lifestyle","log","sunset-purple","com.massapp.basketballstats","Sports","Sports stats ($2-5)",2,"バスケの得点・リバウンド・アシストを記録"
330,"soccer-formation","サッカーフォーメーション","Soccer Formation","utility","reference","sakura-pink","com.massapp.soccerformation","Sports","Tactics board ($1-5)",1,"サッカーのフォーメーションを作成・共有"
331,"swimming-log","水泳記録","Swimming Log","lifestyle","log","midnight-navy","com.massapp.swimminglog","Sports","Swimming apps ($2-5)",2,"水泳の距離・タイム・ストロークを記録"
332,"cycling-log","サイクリング記録","Cycling Log","lifestyle","log","earth-brown","com.massapp.cyclinglog","Sports","Cycling apps ($5-10/mo)",2,"サイクリングの距離・時間・速度を記録"
333,"hiking-log","登山記録","Hiking Log","lifestyle","log","neon-cyber","com.massapp.hikinglog","Sports","YAMAP (¥480/mo)",2,"登山・ハイキングのルートと記録"
334,"referee-whistle","審判ホイッスル","Referee Whistle","utility","sound","pastel-dream","com.massapp.refereewhistle","Sports","Whistle apps ($0.99)",1,"スポーツ審判用のホイッスル音"
335,"coin-toss","コイントス","Coin Toss","utility","generator","mint-fresh","com.massapp.cointoss","Sports","Coin flip ($0.99)",1,"コイントスで表裏をランダム決定"
336,"spirit-level","水平器","Spirit Level","utility","counter","coral-reef","com.massapp.spiritlevel","Utility","Level apps ($0.99-2)",1,"スマホを使った水平器・傾斜計"
337,"room-measure","部屋の寸法メモ","Room Dimension Note","lifestyle","log","warm-orange","com.massapp.roommeasure","Utility","Home measurement ($2-5)",1,"部屋のサイズと家具の寸法を記録"
338,"home-inventory","家の持ち物リスト","Home Inventory","lifestyle","log","monochrome","com.massapp.homeinventory","Lifestyle","Home inventory ($3-5)",2,"家電・家具・貴重品のリストを管理"
339,"moving-checklist","引越しチェックリスト","Moving Checklist","lifestyle","tracker","ocean-blue","com.massapp.movingchecklist","Lifestyle","Moving apps ($1-3)",1,"引越しの手続き・やることリスト"
340,"maintenance-log","家のメンテナンス記録","Home Maintenance Log","lifestyle","log","forest-green","com.massapp.maintenancelog","Lifestyle","Home maintenance ($2-5)",2,"家電・住宅のメンテナンス履歴を記録"
341,"wallpaper-calc","壁紙量計算","Wallpaper Calculator","utility","calculator","sunset-purple","com.massapp.wallpapercalc","Utility","Home calculators ($1-3)",1,"部屋の面積から必要な壁紙量を計算"
342,"tile-calculator","タイル量計算","Tile Calculator","utility","calculator","sakura-pink","com.massapp.tilecalculator","Utility","Home calculators ($1-3)",1,"床面積から必要なタイル枚数を計算"
343,"laundry-timer","洗濯タイマー","Laundry Timer","utility","timer","midnight-navy","com.massapp.laundrytimer","Lifestyle","Laundry apps ($0.99-2)",1,"洗濯機・乾燥機のタイマー"
344,"garbage-calendar","ゴミ出しカレンダー","Trash Collection Calendar","utility","reference","earth-brown","com.massapp.garbagecalendar","Lifestyle","ゴミ出しアプリ (¥100-300)",1,"ゴミ収集日のリマインダー"
345,"electricity-usage","電気使用量記録","Electricity Usage Log","lifestyle","tracker","neon-cyber","com.massapp.electricityusage","Utility","Energy apps ($1-3)",2,"月々の電気使用量と料金を記録"
346,"gas-usage-tracker","ガス使用量記録","Gas Usage Tracker","lifestyle","tracker","pastel-dream","com.massapp.gasusagetracker","Utility","Energy apps ($1-3)",2,"月々のガス使用量と料金を記録"
347,"water-bill-tracker","水道代記録","Water Bill Tracker","lifestyle","tracker","mint-fresh","com.massapp.waterbilltracker","Utility","Energy apps ($1-3)",2,"月々の水道使用量と料金を記録"
348,"growth-chart","成長記録","Growth Chart","lifestyle","tracker","coral-reef","com.massapp.growthchart","Health","Baby growth ($2-5)",2,"子供の身長・体重の成長記録"
349,"first-words-log","初めてことば記録","First Words Log","lifestyle","log","warm-orange","com.massapp.firstwordslog","Lifestyle","Baby milestone ($2-5)",1,"赤ちゃんの初めてのことばを記録"
350,"milestone-tracker","成長マイルストーン","Baby Milestone Tracker","lifestyle","tracker","monochrome","com.massapp.milestonetracker","Lifestyle","Baby milestone ($3-5)",2,"赤ちゃんの発達マイルストーンを記録"
351,"vaccine-schedule","予防接種スケジュール","Vaccine Schedule","utility","reference","ocean-blue","com.massapp.vaccineschedule","Health","Vaccine apps ($1-3)",1,"子供の予防接種スケジュールを管理"
352,"kids-math-quiz","さんすうクイズ","Kids Math Quiz","game","quiz","forest-green","com.massapp.kidsmathquiz","Education","Kids math ($1-3)",1,"幼児・小学低学年向けの算数クイズ"
353,"kids-animal-sounds","どうぶつの声","Animal Sounds for Kids","utility","sound","sunset-purple","com.massapp.kidsanimalsounds","Education","Kids animal ($0.99-2)",1,"動物の鳴き声を聞いて学ぶ（幼児向け）"
354,"kids-shape-quiz","かたちクイズ","Shape Quiz for Kids","game","quiz","sakura-pink","com.massapp.kidsshapequiz","Education","Kids shape ($0.99-2)",1,"形と色を当てる幼児向けクイズ"
355,"kids-counting","かずをかぞえよう","Counting for Kids","game","quiz","midnight-navy","com.massapp.kidscounting","Education","Kids counting ($0.99-3)",1,"1から100までの数を数える練習"
356,"tooth-fairy-tracker","歯の記録","Tooth Fairy Tracker","lifestyle","tracker","earth-brown","com.massapp.toothfairytracker","Lifestyle","Tooth fairy ($0.99-2)",1,"乳歯が抜けた日と場所を記録"
357,"school-timetable","時間割","School Timetable","lifestyle","log","neon-cyber","com.massapp.schooltimetable","Education","Timetable apps ($1-3)",1,"学校の時間割を登録・確認"
358,"allowance-tracker","おこづかい帳","Allowance Tracker","lifestyle","budget","pastel-dream","com.massapp.allowancetracker","Finance","Kids finance ($1-3)",1,"子供のおこづかいの収支を管理"
359,"chore-chart","お手伝い表","Chore Chart","lifestyle","tracker","mint-fresh","com.massapp.chorechart","Lifestyle","Chore apps ($2-5)",1,"子供のお手伝いをスタンプで記録"
360,"skincare-routine","スキンケアルーティン","Skincare Routine","lifestyle","tracker","coral-reef","com.massapp.skincareroutine","Beauty","Skincare apps ($3-5)",2,"朝晩のスキンケアルーティンを管理"
361,"nail-design-log","ネイルデザイン記録","Nail Design Log","lifestyle","log","warm-orange","com.massapp.naildesignlog","Beauty","Nail apps ($1-3)",1,"ネイルデザインの写真と履歴を記録"
362,"hair-color-log","ヘアカラー記録","Hair Color Log","lifestyle","log","monochrome","com.massapp.haircolorlog","Beauty","Hair apps ($1-3)",1,"ヘアカラーの色番号・日付を記録"
363,"cosmetics-expiry","化粧品使用期限管理","Cosmetics Expiry Tracker","lifestyle","tracker","ocean-blue","com.massapp.cosmeticsexpiry","Beauty","Beauty apps ($2-5)",1,"化粧品の使用期限を管理・リマインド"
364,"outfit-diary","コーディネート日記","Outfit Diary","lifestyle","log","forest-green","com.massapp.outfitdiary","Fashion","Outfit apps ($3-10/mo)",2,"毎日のコーディネートを写真で記録"
365,"closet-inventory","クローゼット管理","Closet Inventory","lifestyle","log","sunset-purple","com.massapp.closetinventory","Fashion","Closet apps ($3-5)",2,"持っている服を登録・管理"
366,"ring-size-chart","リングサイズ表","Ring Size Chart","utility","reference","sakura-pink","com.massapp.ringsizechart","Utility","Ring size ($0.99)",1,"日本・US・UK等のリングサイズ対照表"
367,"face-shape-guide","顔型診断","Face Shape Guide","utility","reference","midnight-navy","com.massapp.faceshapeguide","Beauty","Face shape ($1-3)",1,"顔型に合うヘアスタイル・メガネを提案"
368,"color-analysis","パーソナルカラー診断","Personal Color Analysis","game","quiz","earth-brown","com.massapp.coloranalysis","Beauty","Color analysis ($2-5)",1,"パーソナルカラー（春夏秋冬）診断"
369,"diet-log","ダイエット記録","Diet Log","lifestyle","tracker","neon-cyber","com.massapp.dietlog","Health","Diet apps ($3-10/mo)",2,"体重・食事・運動のダイエット記録"
370,"shopping-list","買い物リスト","Shopping List","lifestyle","log","pastel-dream","com.massapp.shoppinglist","Lifestyle","AnyList ($7.99/yr)",1,"カテゴリ別の買い物チェックリスト"
371,"todo-list","やることリスト","Todo List","lifestyle","tracker","mint-fresh","com.massapp.todolist","Productivity","Things 3 ($9.99)",2,"シンプルなToDoリストとタスク管理"
372,"bucket-list","バケットリスト","Bucket List","lifestyle","log","coral-reef","com.massapp.bucketlist","Lifestyle","Bucket list ($1-3)",1,"人生でやりたいことリストを管理"
373,"wish-list","ほしい物リスト","Wish List","lifestyle","log","warm-orange","com.massapp.wishlist","Lifestyle","WISHUPON ($1.99-14.99)",1,"欲しいもの・買いたいものリスト"
374,"grocery-list","食料品リスト","Grocery List","lifestyle","log","monochrome","com.massapp.grocerylist","Food & Drink","Grocery apps ($1-5)",1,"食料品の買い物リストをカテゴリ別に管理"
375,"daily-routine","デイリールーティン","Daily Routine","lifestyle","tracker","ocean-blue","com.massapp.dailyroutine","Productivity","Routine apps ($3-5)",2,"朝・昼・夜のルーティンをチェックリスト管理"
376,"project-task-list","プロジェクトタスク","Project Tasks","lifestyle","tracker","forest-green","com.massapp.projecttasklist","Productivity","Task managers ($5-10/mo)",2,"プロジェクト別のタスクを管理"
377,"travel-checklist","旅行チェックリスト","Travel Checklist","lifestyle","log","sunset-purple","com.massapp.travelchecklist","Lifestyle","PackPoint ($2.99)",1,"旅行の準備チェックリスト"
378,"disaster-prep-list","防災チェックリスト","Disaster Prep Checklist","utility","reference","sakura-pink","com.massapp.disasterpreplist","Lifestyle","Disaster prep (¥100-300)",1,"地震・台風に備える防災グッズチェックリスト"
379,"camping-checklist","キャンプ持ち物リスト","Camping Checklist","lifestyle","log","midnight-navy","com.massapp.campingchecklist","Lifestyle","Camping apps ($1-3)",1,"キャンプに必要な持ち物リスト"
380,"world-clock","世界時計","World Clock","utility","reference","earth-brown","com.massapp.worldclock","Utility","World clock ($1-3)",1,"世界各都市の現在時刻を一覧表示"
381,"analog-clock","アナログ時計","Analog Clock","utility","reference","neon-cyber","com.massapp.analogclock","Utility","Clock apps ($0.99-3)",1,"美しいアナログ時計の表示"
382,"flip-clock","フリップクロック","Flip Clock","utility","reference","pastel-dream","com.massapp.flipclock","Utility","Flip clock ($0.99-3)",1,"レトロなフリップ式の時計表示"
383,"night-clock","ナイトクロック","Night Clock","utility","reference","mint-fresh","com.massapp.nightclock","Utility","Night clock ($0.99-2)",1,"暗い部屋でも見やすい夜用時計"
384,"sunrise-sunset","日の出日の入り","Sunrise Sunset","utility","reference","coral-reef","com.massapp.sunrisesunset","Utility","Sun tracker ($1-3)",1,"日の出・日の入り時刻を確認"
385,"moon-phase","月齢カレンダー","Moon Phase Calendar","utility","reference","warm-orange","com.massapp.moonphase","Utility","Moon apps ($1-3)",1,"月の満ち欠け・月齢を確認"
386,"zodiac-calendar","二十四節気カレンダー","Solar Term Calendar","utility","reference","monochrome","com.massapp.zodiaccalendar","Lifestyle","Japanese calendar (¥100-300)",1,"二十四節気と七十二候を確認"
387,"days-since","経過日数カウント","Days Since Counter","utility","counter","ocean-blue","com.massapp.dayssince","Utility","Day counter ($0.99-2)",1,"記念日・イベントからの経過日数を表示"
388,"anniversary-counter","記念日カウンター","Anniversary Counter","utility","counter","forest-green","com.massapp.anniversarycounter","Lifestyle","Day counter ($0.99-2)",1,"カップルの記念日をカウント"
389,"retirement-countdown","定年カウントダウン","Retirement Countdown","utility","counter","sunset-purple","com.massapp.retirementcountdown","Lifestyle","Countdown ($1-3)",1,"定年退職までのカウントダウン"
390,"travel-phrase-en","旅行英会話","Travel English Phrases","utility","reference","sakura-pink","com.massapp.travelphraseen","Travel","Travel phrase ($2-5)",1,"海外旅行で使える英語フレーズ集"
391,"travel-phrase-cn","旅行中国語","Travel Chinese Phrases","utility","reference","midnight-navy","com.massapp.travelphrasecn","Travel","Travel phrase ($2-5)",1,"中国旅行で使えるフレーズ集"
392,"travel-phrase-kr","旅行韓国語","Travel Korean Phrases","utility","reference","earth-brown","com.massapp.travelphrasekr","Travel","Travel phrase ($2-5)",1,"韓国旅行で使えるフレーズ集"
393,"flight-time-calc","フライト時間計算","Flight Time Calculator","utility","calculator","neon-cyber","com.massapp.flighttimecalc","Travel","Flight apps ($1-3)",1,"都市間のフライト時間を計算"
394,"jet-lag-calc","時差ボケ計算","Jet Lag Calculator","utility","calculator","pastel-dream","com.massapp.jetlagcalc","Travel","Jet lag ($1-3)",1,"時差ボケの回復スケジュールを計算"
395,"voltage-guide","電圧・プラグガイド","Voltage & Plug Guide","utility","reference","mint-fresh","com.massapp.voltageguide","Travel","Travel tools ($0.99-2)",1,"各国の電圧・コンセント形状を確認"
396,"travel-expense","旅行費用記録","Travel Expense Tracker","lifestyle","budget","coral-reef","com.massapp.travelexpense","Travel","Trail Wallet ($4.99)",2,"旅行中の出費を通貨別に記録"
397,"suitcase-weight","スーツケース重量計算","Luggage Weight Calculator","utility","calculator","warm-orange","com.massapp.suitcaseweight","Travel","Travel tools ($0.99-2)",1,"手荷物の重量制限をチェック"
398,"country-info","国情報ガイド","Country Info Guide","utility","reference","monochrome","com.massapp.countryinfo","Travel","Travel guides ($2-5)",1,"各国の基本情報・ビザ・通貨を確認"
399,"tipping-guide","チップガイド","Tipping Guide","utility","reference","ocean-blue","com.massapp.tippingguide","Travel","Tipping guide ($0.99-2)",1,"各国のチップ文化とマナーを確認"
400,"rock-paper-scissors","じゃんけん","Rock Paper Scissors","game","fortune","forest-green","com.massapp.rockpaperscissors","Games","RPS apps ($0.99)",1,"コンピュータとじゃんけん勝負"
401,"number-guessing","数当てゲーム","Number Guessing Game","game","puzzle","sunset-purple","com.massapp.numberguessing","Games","Number games ($0.99)",1,"1-100の数を当てるゲーム"
402,"hangman","ハングマン","Hangman","game","puzzle","sakura-pink","com.massapp.hangman","Games","Word games ($0.99-2)",1,"文字を推測して単語を当てるゲーム"
403,"tic-tac-toe","三目並べ","Tic Tac Toe","game","puzzle","midnight-navy","com.massapp.tictactoe","Games","Tic Tac Toe ($0.99)",1,"○×の三目並べゲーム"
404,"connect-four","四目並べ","Connect Four","game","puzzle","earth-brown","com.massapp.connectfour","Games","Board games ($0.99-2)",1,"縦横斜めに4つ並べるゲーム"
405,"reversi","リバーシ","Reversi (Othello)","game","puzzle","neon-cyber","com.massapp.reversi","Games","Reversi apps ($0.99-3)",2,"黒白のリバーシ（オセロ）ゲーム"
406,"gomoku","五目並べ","Gomoku","game","puzzle","pastel-dream","com.massapp.gomoku","Games","Gomoku ($0.99-2)",2,"五目並べ対戦ゲーム"
407,"minesweeper","マインスイーパー","Minesweeper","game","puzzle","mint-fresh","com.massapp.minesweeper","Games","Minesweeper ($0.99-3)",2,"地雷を避けてマスを開けるゲーム"
408,"lights-out","ライツアウト","Lights Out","game","puzzle","coral-reef","com.massapp.lightsout","Games","Puzzle apps ($0.99)",2,"全てのライトを消すパズルゲーム"
409,"simon-says","サイモンセッズ","Simon Says","game","memory","warm-orange","com.massapp.simonsays","Games","Memory games ($0.99-2)",1,"光と音の順番を覚えるゲーム"
410,"solitaire","ソリティア","Solitaire","game","puzzle","monochrome","com.massapp.solitaire","Games","Solitaire ($0.99-3)",1,"トランプの一人遊びソリティア"
411,"freecell","フリーセル","FreeCell","game","puzzle","ocean-blue","com.massapp.freecell","Games","Card games ($0.99-3)",2,"トランプのフリーセルゲーム"
412,"shinkei-suijaku-animal","どうぶつ神経衰弱","Animal Memory Match","game","memory","forest-green","com.massapp.shinkeisuijakuanimal","Games","Memory games ($0.99)",1,"動物カードの神経衰弱ゲーム（子供向け）"
413,"spot-the-difference","間違い探し","Spot the Difference","game","puzzle","sunset-purple","com.massapp.spotthedifference","Games","Spot diff ($0.99-3)",1,"2枚の絵の間違いを探すゲーム"
414,"word-chain","しりとり","Word Chain (Shiritori)","game","quiz","sakura-pink","com.massapp.wordchain","Games","Word games ($0.99-2)",1,"コンピュータとしりとり対戦"
415,"ramen-log","ラーメン記録","Ramen Log","lifestyle","log","midnight-navy","com.massapp.ramenlog","Food & Drink","Food logs ($1-3)",2,"食べたラーメンの店・味・評価を記録"
416,"sushi-guide","寿司ネタ図鑑","Sushi Guide","utility","reference","earth-brown","com.massapp.sushiguide","Food & Drink","Food guides ($1-3)",1,"寿司ネタの旬・栄養・英語名を辞典"
417,"sake-log","日本酒記録","Sake Log","lifestyle","log","neon-cyber","com.massapp.sakelog","Food & Drink","Sake apps ($1-3)",2,"飲んだ日本酒の銘柄・評価を記録"
418,"beer-log","ビール記録","Beer Log","lifestyle","log","pastel-dream","com.massapp.beerlog","Food & Drink","Untappd ($3.99/mo)",2,"クラフトビールの銘柄・味を記録"
419,"tea-guide","お茶辞典","Tea Guide","utility","reference","mint-fresh","com.massapp.teaguide","Food & Drink","Tea apps ($1-3)",1,"日本茶・中国茶・紅茶の種類と淹れ方"
420,"whiskey-log","ウイスキー記録","Whiskey Log","lifestyle","log","coral-reef","com.massapp.whiskeylog","Food & Drink","Whiskey apps ($2-5)",2,"ウイスキーの銘柄・テイスティングノート"
421,"recipe-converter","レシピ分量変換","Recipe Scaler","utility","calculator","warm-orange","com.massapp.recipeconverter","Food & Drink","Paprika ($4.99)",1,"レシピの人数に合わせて分量を自動変換"
422,"baking-calc","パン・お菓子計算機","Baking Calculator","utility","calculator","monochrome","com.massapp.bakingcalc","Food & Drink","Baking apps ($1-3)",1,"ベーカーズパーセントから分量を計算"
423,"fermentation-timer","発酵タイマー","Fermentation Timer","utility","timer","ocean-blue","com.massapp.fermentationtimer","Food & Drink","Fermentation ($1-3)",1,"パン・味噌・ヨーグルトの発酵タイマー"
424,"coffee-ratio-calc","コーヒー比率計算","Coffee Ratio Calculator","utility","calculator","forest-green","com.massapp.coffeeratiocalc","Food & Drink","Coffee apps ($1-3)",1,"豆の量と水量の比率を計算"
425,"calorie-lookup","カロリー辞典","Calorie Lookup","utility","reference","sunset-purple","com.massapp.calorielookup","Health","Calorie apps ($3-10/mo)",1,"食品のカロリー・栄養素を検索"
426,"food-expiry","食品賞味期限管理","Food Expiry Tracker","lifestyle","tracker","sakura-pink","com.massapp.foodexpiry","Food & Drink","Expiry apps ($1-3)",1,"冷蔵庫の食品の賞味期限を管理"
427,"dog-walk-log","散歩記録","Dog Walk Log","lifestyle","log","midnight-navy","com.massapp.dogwalklog","Lifestyle","Dog walk apps ($2-5)",2,"犬の散歩時間・距離を記録"
428,"pet-vaccine","ペットワクチン記録","Pet Vaccine Log","lifestyle","tracker","earth-brown","com.massapp.petvaccine","Lifestyle","Pet health ($2-5)",2,"ペットのワクチン・予防接種を記録"
429,"pet-food-calc","ペットフード量計算","Pet Food Calculator","utility","calculator","neon-cyber","com.massapp.petfoodcalc","Lifestyle","Pet apps ($1-3)",1,"体重に合わせたフード給餌量を計算"
430,"pet-birthday","ペット誕生日","Pet Birthday Counter","utility","counter","pastel-dream","com.massapp.petbirthday","Lifestyle","Pet apps ($0.99-2)",1,"ペットの誕生日カウントダウン"
431,"aquarium-log","アクアリウム記録","Aquarium Log","lifestyle","log","mint-fresh","com.massapp.aquariumlog","Lifestyle","Aquarium apps ($2-5)",2,"水槽の水質・メンテナンスを記録"
432,"bird-watching-log","野鳥観察記録","Bird Watching Log","lifestyle","log","coral-reef","com.massapp.birdwatchinglog","Lifestyle","Merlin ($1-5)",2,"観察した野鳥の種類・場所を記録"
433,"fuel-log","給油記録","Fuel Log","lifestyle","log","warm-orange","com.massapp.fuellog","Utility","Fuel apps ($2-5)",2,"給油量・金額・燃費を記録"
434,"mileage-tracker","走行距離記録","Mileage Tracker","lifestyle","tracker","monochrome","com.massapp.mileagetracker","Utility","Mileage apps ($2-5)",2,"車の走行距離を記録・経費計算"
435,"parking-timer","駐車タイマー","Parking Timer","utility","timer","ocean-blue","com.massapp.parkingtimer","Utility","Parking apps ($1-3)",1,"パーキングメーターの残り時間をタイマー"
436,"oil-change-tracker","オイル交換記録","Oil Change Tracker","lifestyle","tracker","forest-green","com.massapp.oilchangetracker","Utility","Car maintenance ($1-3)",1,"エンジンオイル交換時期をリマインド"
437,"tire-pressure-log","タイヤ空気圧記録","Tire Pressure Log","lifestyle","tracker","sunset-purple","com.massapp.tirepressurelog","Utility","Car maintenance ($1-3)",1,"タイヤ空気圧を定期的に記録"
438,"shaken-reminder","車検リマインダー","Vehicle Inspection Reminder","utility","timer","sakura-pink","com.massapp.shakenreminder","Utility","Japanese car apps (¥100-300)",1,"車検・自賠責保険の期限をリマインド"
439,"license-plate-quiz","ナンバープレートクイズ","License Plate Quiz","game","quiz","midnight-navy","com.massapp.licenseplatequiz","Education","Quiz apps ($0.99)",1,"車のナンバープレートの地名を当てるクイズ"
440,"manyo-hyakusen","万葉集百選","Manyo Anthology","utility","reference","earth-brown","com.massapp.manyohyakusen","Education","Poetry apps (¥300-500)",1,"万葉集の名歌100首を鑑賞"
441,"haiku-guide","俳句入門","Haiku Guide","utility","reference","neon-cyber","com.massapp.haikuguide","Education","Haiku apps (¥100-300)",1,"俳句の基本ルールと季語辞典"
442,"nihongo-accent","日本語アクセント辞典","Japanese Accent Dictionary","utility","reference","pastel-dream","com.massapp.nihongoaccent","Education","NHKアクセント (¥2,000)",2,"日本語の正しいアクセントを確認"
443,"kisetsu-no-kotoba","季節のことば","Seasonal Words","utility","reference","mint-fresh","com.massapp.kisetsunokotoba","Lifestyle","Season apps (¥100-300)",1,"四季の美しい日本語表現を紹介"
444,"tegami-template","手紙の書き方","Letter Template","utility","reference","coral-reef","com.massapp.tegamitemplate","Lifestyle","Letter apps (¥100-300)",1,"手紙の時候の挨拶・書き方テンプレート"
445,"kokuji-quiz","国字クイズ","Kokuji Quiz","game","quiz","warm-orange","com.massapp.kokujiquiz","Education","Kanji quiz (¥100-300)",1,"日本で作られた漢字「国字」のクイズ"
446,"nandoku-kanji","難読漢字クイズ","Difficult Kanji Quiz","game","quiz","monochrome","com.massapp.nandokukanji","Education","Kanji quiz (¥300-500)",2,"読めそうで読めない難読漢字クイズ"
447,"onomatopoeia-quiz","オノマトペクイズ","Onomatopoeia Quiz","game","quiz","ocean-blue","com.massapp.onomatopoeiaquiz","Education","Japanese quiz (¥100-300)",1,"擬音語・擬態語の意味を当てるクイズ"
448,"goju-on-trainer","五十音トレーナー","Gojuon Trainer","game","quiz","forest-green","com.massapp.gojuontrainer","Education","Japanese learning ($1-3)",1,"五十音表の読み書きをトレーニング"
449,"prefecture-capital-quiz","県庁所在地クイズ","Prefecture Capital Quiz","game","quiz","sunset-purple","com.massapp.prefecturecapitalquiz","Education","Geography quiz (¥100-300)",1,"47都道府県の県庁所在地を当てるクイズ"
450,"mountain-quiz","日本の山クイズ","Japanese Mountain Quiz","game","quiz","sakura-pink","com.massapp.mountainquiz","Education","Geography quiz (¥100-300)",1,"日本の名山の標高・場所を当てるクイズ"
451,"river-quiz","日本の川クイズ","Japanese River Quiz","game","quiz","midnight-navy","com.massapp.riverquiz","Education","Geography quiz (¥100-300)",1,"日本の川の長さ・流域を当てるクイズ"
452,"sleep-calculator","睡眠計算機","Sleep Calculator","utility","calculator","earth-brown","com.massapp.sleepcalculator","Health","Sleep apps ($3-5)",1,"就寝・起床の最適時刻を睡眠サイクルから計算"
453,"event-planner","イベントプランナー","Event Planner","lifestyle","tracker","neon-cyber","com.massapp.eventplanner","Lifestyle","Event apps ($2-5)",2,"イベントのタスク・ゲストを管理"
454,"habit-score","習慣スコア","Habit Score","lifestyle","tracker","pastel-dream","com.massapp.habitscore","Productivity","Habit apps ($3-5)",2,"習慣の達成率をスコア化して可視化"
455,"gratitude-counter","感謝カウンター","Gratitude Counter","utility","counter","mint-fresh","com.massapp.gratitudecounter","Health","Gratitude ($2-5)",1,"毎日の感謝の数をカウント"
456,"screen-time-log","スマホ時間記録","Screen Time Log","lifestyle","tracker","coral-reef","com.massapp.screentimelog","Productivity","Screen time ($2-5)",2,"スマホ使用時間を自己記録・目標設定"
457,"morning-routine","朝活チェック","Morning Routine Checker","lifestyle","tracker","warm-orange","com.massapp.morningroutine","Productivity","Routine apps ($2-5)",1,"朝のルーティンをチェックリストで管理"
458,"weekly-review","週間振り返り","Weekly Review","lifestyle","log","monochrome","com.massapp.weeklyreview","Productivity","Journal apps ($3-5)",2,"1週間の振り返りを記録・改善"
459,"goal-tracker","目標トラッカー","Goal Tracker","lifestyle","tracker","ocean-blue","com.massapp.goaltracker","Productivity","Goal apps ($3-5/mo)",2,"年間・月間目標の進捗を管理"
460,"expense-ratio-calc","生活費比率計算","Living Expense Ratio","utility","calculator","forest-green","com.massapp.expenseratiocalc","Finance","Budget calculators ($1-3)",1,"収入に対する生活費の理想比率を計算"
461,"rent-vs-buy-calc","賃貸vs購入計算","Rent vs Buy Calculator","utility","calculator","sunset-purple","com.massapp.rentvsbuycalc","Finance","Real estate ($3-5)",2,"賃貸と購入どちらが得か試算"
462,"net-worth-calc","純資産計算","Net Worth Calculator","utility","calculator","sakura-pink","com.massapp.networthcalc","Finance","Finance apps ($3-10)",2,"資産と負債から純資産を計算"
463,"fire-calc","FIRE計算機","FIRE Calculator","utility","calculator","midnight-navy","com.massapp.firecalc","Finance","FIRE apps ($2-5)",2,"経済的自立（FIRE）達成までの年数を計算"
464,"tax-deduction-calc","確定申告控除計算","Tax Deduction Calculator","utility","calculator","earth-brown","com.massapp.taxdeductioncalc","Finance","Tax apps (¥300-1000)",2,"ふるさと納税・医療費等の控除額を計算"
465,"furusato-nozei-calc","ふるさと納税計算","Furusato Tax Calculator","utility","calculator","neon-cyber","com.massapp.furusatonozeicalc","Finance","ふるさと納税アプリ (¥100-300)",2,"年収からふるさと納税の上限額を計算"
466,"social-insurance-calc","社会保険料計算","Social Insurance Calculator","utility","calculator","pastel-dream","com.massapp.socialinsurancecalc","Finance","Insurance calcs (¥300-500)",2,"給与から社会保険料を計算"
467,"inheritance-tax-calc","相続税計算","Inheritance Tax Calculator","utility","calculator","mint-fresh","com.massapp.inheritancetaxcalc","Finance","Tax apps (¥500-1000)",3,"遺産額から相続税の概算を計算"
468,"point-card-tracker","ポイントカード管理","Point Card Tracker","lifestyle","tracker","coral-reef","com.massapp.pointcardtracker","Finance","Points apps (¥100-300)",1,"各種ポイントカードの残高を一括管理"
469,"stamp-rally","スタンプラリー","Stamp Rally","lifestyle","tracker","warm-orange","com.massapp.stamprally","Lifestyle","Stamp apps ($0.99-2)",1,"オリジナルスタンプラリーを作成・達成"
470,"quote-of-day","今日の名言","Quote of the Day","utility","generator","monochrome","com.massapp.quoteofday","Lifestyle","Quote apps ($1-3)",1,"毎日の名言・格言をランダム表示"
471,"paper-size-converter","用紙サイズ変換","Paper Size Converter","utility","converter","ocean-blue","com.massapp.papersizeconverter","Utility","Paper size ($0.99)",1,"A4/B5/Letter等の用紙サイズを確認・変換"
472,"wire-gauge-converter","線径変換","Wire Gauge Converter","utility","converter","forest-green","com.massapp.wiregaugeconverter","Utility","Engineering tools ($1-3)",1,"AWG/mm等の電線サイズを変換"
473,"hardness-converter","硬さ変換","Hardness Converter","utility","converter","sunset-purple","com.massapp.hardnessconverter","Utility","Engineering tools ($2-5)",1,"HRC/HV/HB等の硬さ単位を変換"
474,"roof-pitch-calc","屋根勾配計算","Roof Pitch Calculator","utility","calculator","sakura-pink","com.massapp.roofpitchcalc","Utility","Construction apps ($1-3)",1,"屋根の角度と面積を計算"
475,"bmi-for-kids","子供BMI計算","Kids BMI Calculator","utility","calculator","midnight-navy","com.massapp.bmiforkids","Health","Kids health ($1-3)",1,"子供の年齢に合わせたBMIパーセンタイル"
476,"photo-print-size","写真印刷サイズ計算","Photo Print Size Calculator","utility","calculator","earth-brown","com.massapp.photoprintsize","Utility","Photo tools ($1-3)",1,"画像解像度から適切な印刷サイズを計算"
477,"world-heritage-quiz","世界遺産クイズ","World Heritage Quiz","game","quiz","neon-cyber","com.massapp.worldheritagequiz","Education","Heritage quiz ($1-3)",1,"世界遺産の名前と場所を当てるクイズ"
478,"dinosaur-quiz","恐竜クイズ","Dinosaur Quiz","game","quiz","pastel-dream","com.massapp.dinosaurquiz","Education","Kids science ($1-3)",1,"恐竜の名前と特徴を当てるクイズ"
479,"space-quiz","宇宙クイズ","Space Quiz","game","quiz","mint-fresh","com.massapp.spacequiz","Education","Space quiz ($1-3)",1,"惑星・星・宇宙の知識クイズ"
480,"insect-quiz","昆虫クイズ","Insect Quiz","game","quiz","coral-reef","com.massapp.insectquiz","Education","Nature quiz ($0.99-2)",1,"昆虫の名前と特徴を当てるクイズ"
481,"fish-quiz","お魚クイズ","Fish Quiz","game","quiz","warm-orange","com.massapp.fishquiz","Education","Nature quiz ($0.99-2)",1,"魚の名前と漢字を当てるクイズ"
482,"flower-quiz","お花クイズ","Flower Quiz","game","quiz","monochrome","com.massapp.flowerquiz","Education","Nature quiz ($0.99-2)",1,"花の名前と花言葉を当てるクイズ"
483,"tree-quiz","樹木クイズ","Tree Quiz","game","quiz","ocean-blue","com.massapp.treequiz","Education","Nature quiz ($0.99-2)",1,"木の名前と特徴を当てるクイズ"
484,"pipe-puzzle","配管パズル","Pipe Puzzle","game","puzzle","forest-green","com.massapp.pipepuzzle","Games","Pipe puzzle ($0.99-2)",2,"パイプをつなげて水を流すパズル"
485,"tangram","タングラム","Tangram","game","puzzle","sunset-purple","com.massapp.tangram","Games","Tangram ($0.99-2)",2,"7つのピースでシルエットを作るパズル"
486,"kakuro-hard","カックロ上級","Kakuro Advanced","game","puzzle","sakura-pink","com.massapp.kakurohard","Games","Kakuro ($1-3)",3,"上級者向けの大きなカックロパズル"
487,"killer-sudoku","キラー数独","Killer Sudoku","game","puzzle","midnight-navy","com.massapp.killersudoku","Games","Killer Sudoku ($1-3)",3,"足し算ルール追加の変則数独"
488,"blood-sugar-log","血糖値記録","Blood Sugar Log","lifestyle","tracker","earth-brown","com.massapp.bloodsugarlog","Health","Glucose apps ($3-5)",2,"血糖値を食前食後で記録・グラフ表示"
489,"symptom-diary","症状日記","Symptom Diary","lifestyle","log","neon-cyber","com.massapp.symptomdiary","Health","Health logs ($2-5)",2,"体調・症状を日々記録して受診時に活用"
490,"gratitude-365","365日感謝日記","365 Day Gratitude Journal","lifestyle","log","pastel-dream","com.massapp.gratitude365","Health","Journal apps ($3-5)",2,"1年間毎日の感謝を記録する日記"
491,"thunder-sounds","雷の音","Thunder Sounds","utility","sound","mint-fresh","com.massapp.thundersounds","Health","Nature sounds ($2-5)",2,"雷鳴・激しい雨のリラックスサウンド"
492,"asmr-keyboard","ASMRキーボード音","ASMR Keyboard Sounds","utility","sound","coral-reef","com.massapp.asmrkeyboard","Health","ASMR apps ($1-3)",2,"メカニカルキーボードのASMRサウンド"
493,"username-generator","ユーザー名生成","Username Generator","utility","generator","warm-orange","com.massapp.usernamegenerator","Utility","Name generators ($0.99-2)",1,"SNS・ゲーム用のユニークなユーザー名を生成"
494,"uuid-generator","UUID生成","UUID Generator","utility","generator","monochrome","com.massapp.uuidgenerator","Utility","Dev tools ($0.99)",1,"UUID v4をワンタップで生成・コピー"
495,"biorhythm","バイオリズム","Biorhythm","game","fortune","ocean-blue","com.massapp.biorhythm","Entertainment","Biorhythm ($0.99-2)",1,"生年月日からバイオリズムを計算・表示"
496,"aura-reading","オーラ診断","Aura Reading","game","fortune","forest-green","com.massapp.aurareading","Entertainment","Aura apps ($1-3)",1,"質問に答えてオーラの色を診断"
497,"japanese-manners","日本のマナー","Japanese Manners Guide","utility","reference","sunset-purple","com.massapp.japanesemanners","Lifestyle","Manner apps (¥100-300)",1,"食事・ビジネス・日常のマナーガイド"
498,"knot-guide","結び方辞典","Knot Tying Guide","utility","reference","sakura-pink","com.massapp.knotguide","Utility","Knot apps ($1-3)",1,"ロープ・ネクタイ・靴紐の結び方図解"
499,"stain-removal","シミ抜きガイド","Stain Removal Guide","utility","reference","midnight-navy","com.massapp.stainremoval","Lifestyle","Home tips ($0.99-2)",1,"素材別・汚れ別のシミ抜き方法を解説"
500,"measurement-guide","計測単位ガイド","Measurement Units Guide","utility","reference","earth-brown","com.massapp.measurementguide","Utility","Reference ($0.99-2)",1,"各種計測単位の一覧と早見表"
